feature_0,feature_1,feature_2,feature_3,feature_4,feature_5,feature_6,feature_7,feature_8,feature_9,feature_10,feature_11,feature_12,feature_13,feature_14,feature_15,feature_16,feature_17,feature_18,feature_19,feature_20,feature_21,feature_22,feature_23,feature_24,feature_25,feature_26,feature_27,feature_28,feature_29,feature_30,feature_31,feature_32,feature_33,feature_34,feature_35,feature_36,feature_37,feature_38,feature_39,feature_40,feature_41,feature_42,feature_43,feature_44,feature_45,feature_46,feature_47,feature_48,feature_49,feature_50,feature_51,feature_52,feature_53,feature_54,feature_55,feature_56,feature_57,feature_58,feature_59,feature_60,feature_61,feature_62,feature_63,feature_64,feature_65,feature_66,feature_67,feature_68,feature_69,feature_70,feature_71,feature_72,feature_73,feature_74,feature_75,feature_76,feature_77,feature_78,feature_79,feature_80,feature_81,feature_82,feature_83,feature_84,feature_85,feature_86,feature_87,feature_88,feature_89,feature_90,feature_91,feature_92,feature_93,feature_94,feature_95,feature_96,feature_97,feature_98,feature_99,feature_100,feature_101,feature_102,feature_103,feature_104,feature_105,feature_106,feature_107,feature_108,feature_109,feature_110,feature_111,feature_112,feature_113,feature_114,feature_115,feature_116,feature_117,feature_118,feature_119,feature_120,feature_121,feature_122,feature_123,feature_124,feature_125,feature_126,feature_127,feature_128,feature_129,feature_130,feature_131,feature_132,feature_133,feature_134,feature_135,feature_136,feature_137,feature_138,feature_139,feature_140,feature_141,feature_142,feature_143,feature_144,feature_145,feature_146,feature_147,feature_148,feature_149,feature_150,feature_151,feature_152,feature_153,feature_154,feature_155,feature_156,feature_157,feature_158,feature_159,feature_160,feature_161,feature_162,feature_163,feature_164,feature_165,feature_166,feature_167,feature_168,feature_169,feature_170,feature_171,feature_172,feature_173,feature_174,feature_175,feature_176,feature_177,feature_178,feature_179,feature_180,feature_181,feature_182,feature_183,feature_184,feature_185,feature_186,feature_187,feature_188,feature_189,feature_190,feature_191,feature_192,feature_193,feature_194,feature_195,feature_196,feature_197,feature_198,feature_199,feature_200,feature_201,feature_202,feature_203,feature_204,feature_205,feature_206,feature_207,feature_208,feature_209,feature_210,feature_211,feature_212,feature_213,feature_214,feature_215,feature_216,feature_217,feature_218,feature_219,feature_220,feature_221,feature_222,feature_223,feature_224,feature_225,feature_226,feature_227,feature_228,feature_229,feature_230,feature_231,feature_232,feature_233,feature_234,feature_235,feature_236,feature_237,feature_238,feature_239,feature_240,feature_241,feature_242,feature_243,feature_244,feature_245,feature_246,feature_247,feature_248,feature_249,feature_250,feature_251,feature_252,kmeans_cluster,hdbscan_cluster
0.49671414,-0.1382643,0.64768857,1.5230298,-0.23415338,-0.23413695,1.5792128,0.7674347,-0.46947438,0.54256004,-0.46341768,-0.46572974,0.24196227,-1.9132802,-1.7249179,-0.5622875,-1.0128311,0.31424734,-0.9080241,-1.4123037,1.4656488,-0.2257763,0.0675282,-1.4247482,-0.54438275,0.11092259,-1.1509936,0.37569803,-0.6006387,-0.29169375,-0.6017066,1.8522782,-0.013497225,-1.0577109,0.82254493,-1.2208437,0.2088636,-1.9596701,-1.328186,0.19686124,0.73846656,0.17136829,-0.115648285,-0.30110368,-1.478522,-0.7198442,-0.46063876,1.0571222,0.3436183,-1.7630402,0.32408398,-0.38508227,-0.676922,0.6116763,1.0309995,0.93128014,-0.83921754,-0.3092124,0.33126342,0.9755451,-0.47917423,-0.18565898,-1.1063349,-1.1962066,0.8125258,1.35624,-0.07201012,1.0035329,0.361636,-0.6451197,0.3613956,1.5380366,-0.03582604,1.5646436,-2.619745,0.8219025,0.08704707,-0.29900736,0.09176078,-1.9875689,-0.21967189,0.35711256,1.4778941,-0.5182702,-0.8084936,-0.501757,0.9154021,0.32875112,-0.5297602,0.51326746,0.09707755,0.968645,-0.70205307,-0.32766214,-0.39210814,-1.4635149,0.2961203,0.26105526,0.005113457,-0.23458713,-1.4153707,-0.42064533,-0.34271452,-0.80227727,-0.16128571,0.40405086,1.8861859,0.17457782,0.2575504,-0.07444592,-1.9187713,-0.026513875,0.06023021,2.463242,-0.19236097,0.30154735,-0.03471177,-1.168678,1.1428229,0.75193304,0.79103196,-0.90938747,1.4027944,-1.401851,0.5868571,2.1904557,-0.99053633,-0.5662977,0.09965137,-0.50347567,-1.5506635,0.06856298,-1.0623037,0.47359243,-0.91942424,1.5499344,-0.7832533,-0.3220615,0.8135172,-1.2308643,0.22745994,1.3071427,-1.6074833,0.18463387,0.2598828,0.78182286,-1.2369508,-1.3204566,0.52194154,0.29698467,0.25049284,0.3464482,-0.68002474,0.2322537,0.29307246,-0.7143514,1.8657745,0.47383294,-1.1913035,0.6565536,-0.9746817,0.7870846,1.1585956,-0.82068235,0.9633761,0.41278094,0.82206017,1.896793,-0.24538812,-0.75373614,-0.88951445,-0.81581026,-0.07710171,0.34115198,0.2766908,0.82718325,0.013001892,1.4535341,-0.26465684,2.720169,0.62566733,-0.8571575,-1.0708925,0.48247242,-0.22346279,0.7140005,0.47323763,-0.07282891,-0.8467937,-1.5148473,-0.44651496,0.8563988,0.21409374,-1.2457387,0.17318092,0.3853174,-0.8838574,0.1537251,0.05820872,-1.1429703,0.35778737,0.5607845,1.0830512,1.053802,-1.3776693,-0.937825,0.5150353,0.51378596,0.51504767,3.8527315,0.5708905,1.1355656,0.9540018,0.65139127,-0.31526923,0.75896925,-0.77282524,-0.23681861,-0.48536354,0.08187414,2.3146586,-1.8672652,0.68626016,-1.6127158,-0.47193187,1.0889506,0.06428002,-1.0777447,-0.7153037,0.67959774,-0.73036665,0.21645859,0.04557184,-0.65160036,2.143944,0.633919,-2.0251427,0.18645431,-0.66178644,0.8524333,-0.79252076,-0.11473644,0.5049873,0.8657552,-1.2002964,-0.33450124,-0.4749453,-0.65332925,1.7654543,0.4049817,-1.2608839,0.91786194,2.1221561,3,-1
1.0324652,-1.51937,-0.48423406,1.2669111,-0.70766944,0.44381943,0.77463406,-0.9269305,-0.059525356,-3.2412674,-1.0243876,-0.25256816,-1.2477832,1.6324114,-1.4301413,-0.4400445,0.13074058,1.4412733,-1.4358622,1.1631638,0.010233061,-0.9815087,0.4621035,0.1990597,-0.60021687,0.06980208,-0.3853136,0.113517344,0.66213065,1.5860168,-1.2378155,2.1330333,-1.9520878,-0.15178509,0.5883172,0.28099188,-0.6226995,-0.20812225,-0.49300092,-0.58936477,0.8496021,0.3570155,-0.6929096,0.89959985,0.30729952,0.8128621,0.62962884,-0.828995,-0.560181,0.7472936,0.6103703,-0.020901594,0.117327385,1.2776649,-0.5915714,0.5470974,-0.20219265,-0.2176812,1.0987768,0.8254163,0.81350964,1.3054788,0.021003842,0.68195295,-0.31026676,0.32416636,-0.13014306,0.096995965,0.595157,-0.8182207,2.0923872,-1.0060173,-1.2141886,1.1581109,0.7916627,0.6241198,0.6283455,-0.012246773,-0.89725435,0.07580456,-0.6771617,0.9751197,-0.14705738,-0.8254972,-0.32138583,0.41293144,-0.5637246,-0.8222204,0.24368721,0.24496657,-0.50694317,-0.4710383,0.23204994,-1.4480844,-1.4074638,-0.7184442,-0.21344715,0.31090757,1.4753562,0.85765964,-0.15993853,-0.019016208,-1.0025294,-0.018513136,-0.28865865,0.32271856,-0.82723093,0.51934654,1.5327389,-0.10876015,0.40171173,0.690144,-0.40122047,0.22409248,0.0125924,0.0976761,-0.7730098,0.024510175,0.4979983,1.4511436,0.95927083,2.1531825,-0.7673476,0.87232065,0.18334201,2.189803,-0.8082983,-0.83972186,-0.59939265,-2.1238956,-0.52575505,-0.7591327,0.15039378,0.341756,1.8761709,0.95042384,-0.57690364,-0.8984147,0.49191916,-1.3202332,1.8314588,1.1794401,-0.46917567,-1.7131345,1.3538724,-0.11453985,1.2378163,-1.5944277,-0.599375,0.0052436995,0.046980593,-0.45006546,0.62284994,-1.0676204,-0.14237948,0.12029563,0.5144388,0.7116149,-1.1246421,-1.5341141,1.2776768,0.332314,-0.7484865,1.551152,0.11567464,1.1792972,0.06751848,2.0607479,1.7553408,-0.24896415,0.97157097,0.64537597,1.3686316,-0.96492344,0.6860515,1.0584245,-1.7587395,-1.1832585,-2.0392323,-0.26940683,0.71754223,1.502357,0.07409478,1.6286155,-1.3801014,-1.7033825,-0.0555477,0.38406545,-0.03269475,-2.0674422,-0.08912004,-1.3044695,0.66967255,0.36659825,-0.9398798,-0.5138669,-1.0592135,-0.0626791,0.9551423,-0.98572606,0.5040465,-0.53025764,-0.79287285,-0.10703036,-1.0352423,-0.5536493,-1.1978779,1.9647251,0.035263553,-0.6997255,0.21397991,-0.11232805,-0.2209696,0.6141667,0.7575077,-0.5305011,-0.57581824,-0.27505168,-2.3019211,-1.5151911,1.3668742,1.6449677,-0.24903604,0.576557,0.31125015,3.0788808,1.1195749,-0.12791759,-0.9555404,-1.6064463,0.20346363,-0.75635076,-1.4222537,-0.6465729,-1.081548,1.6871417,0.8816398,-0.007972641,1.4799441,0.077368304,-0.8612842,1.5231241,0.53891003,-1.0372461,-0.19033867,-0.8756183,-1.3827997,0.92617756,1.9094167,-1.3985676,0.5629692,-0.6506426,-0.4871254,7,-1
-0.59239393,-0.8639908,0.048521627,-0.83095014,0.27045682,-0.05023811,-0.23894805,-0.9075637,-0.5767713,0.75539124,0.5009172,-0.9775552,0.0993323,0.7513871,-1.6694052,0.5433602,-0.66262376,0.57059866,-0.7632592,-1.804882,-1.6275425,0.04808495,0.2597225,-0.9043166,0.6385925,-1.66152,-0.066079795,-1.2110162,-0.6518361,0.04739867,-0.8604134,-0.38455555,1.0062928,-0.5768919,0.8356921,-1.1297069,0.52980417,1.4415686,-2.4716444,-0.79689527,0.57707214,-0.20304538,0.37114587,-0.6039852,0.08658979,-0.15567723,1.1677821,0.25442085,0.33760267,-0.41187698,-0.48760623,-0.43255818,0.39445215,-0.42098448,0.28977486,2.0754008,0.8711247,-0.32602352,1.201214,-0.40807536,-2.0381246,-1.0080863,-1.8707919,-0.35151348,0.01841838,1.6764373,0.32692736,-0.21910053,0.8294056,-2.2111354,0.23561455,0.7708652,-1.4785862,1.143754,0.33849642,-0.4152879,0.63278186,2.2706928,0.18186626,0.2482206,-0.4593609,-0.8498444,0.8303358,-0.8560838,0.07156624,-0.47765744,0.47897983,0.3336621,1.03754,-0.5100164,-0.26987493,-0.9787637,-0.44429326,0.3773005,0.75698864,-0.92216533,0.8696059,1.3556379,0.4134349,1.8767958,-0.7737892,-1.2446547,-1.7787203,1.4960443,0.65436566,-0.05558467,0.27996862,-1.125489,2.445752,0.12922119,0.109394796,0.7257666,0.48100924,0.22388403,-0.7904745,0.47146836,1.8820245,1.34542,1.5931866,-0.5112157,-0.98960483,-0.12578692,0.05572491,1.0941916,-1.6924646,1.5295503,-0.1580079,-0.42688107,-1.0121044,-1.6548567,0.8231706,0.07331797,-1.2899609,-1.2950788,-0.3357847,1.6690215,-0.25959134,-1.503143,-0.24574307,-0.27272356,-2.6968865,-0.054294866,-0.23093453,0.6962064,1.8489561,1.126565,-0.26888868,-1.1065259,2.5733597,0.059218433,0.013929292,-0.024125088,0.19808476,-0.14436041,-0.573662,-0.54685897,-0.03275327,-0.5434248,-0.7128458,0.106430225,-0.25497723,1.503993,-2.6509697,1.0915068,1.2460852,-2.0733902,-0.3426876,-0.37144086,-1.4075117,-0.7778167,-1.1105758,1.7522705,0.9356784,1.2715551,0.72167206,-1.1290518,-0.5245203,0.48937455,-1.2221278,0.71299845,-0.24032539,-0.3748208,0.71096,0.4442633,-0.36096618,1.1593298,-1.0810633,0.6159356,0.59310126,-0.30954644,0.326133,-1.2511135,0.924027,-0.18490213,-0.522723,1.0490092,-0.7043437,-1.4084613,-1.5566292,0.60600996,-1.2804294,1.7547942,-2.0819294,1.6964563,0.21101747,-0.09671311,-0.5449191,0.39913613,-0.037634704,1.1033019,0.114227645,0.15030175,-0.3636122,-0.056945622,0.30780178,-1.7101684,-1.3481854,0.7432641,0.17086543,-0.18398334,0.018433932,0.3475817,-0.5397597,-0.7783047,0.19584526,-0.97837275,0.40825275,-1.7025836,1.0291556,0.47259748,0.25602973,0.982691,1.6654744,1.0143701,-1.8408742,-1.279577,-0.62481856,0.02609105,0.517659,-0.72574383,0.18676676,-0.75538296,-0.6115178,-1.4066612,-0.9232333,-1.3516846,-0.97587323,1.0536418,-0.9493989,2.6323822,0.4933179,0.18483612,-0.8583578,4,-1
0.7003099,-0.5756378,0.122009814,2.5600846,-0.096059896,1.1492733,-0.70317644,-0.03498849,1.7708006,-0.6269671,1.8124485,0.7077519,-0.5624668,0.6324077,0.97255445,0.62180996,-1.5702248,-0.72713715,-0.24751863,-0.07443343,0.6206721,0.177701,-1.3353443,0.38019785,0.61058575,0.55979043,1.0807807,0.83392215,0.4591801,-0.07016571,-1.6609609,0.4296182,0.20768769,0.27157885,-1.2767485,-1.0810566,1.0531528,-0.039555155,0.6815007,0.028318375,0.02975614,0.9382838,-0.51604474,0.096120775,-0.4622753,-0.43449622,-0.30917212,0.22213377,-0.47874862,1.2557561,-0.8946073,-0.18687165,-0.43973106,1.4469779,0.19655478,1.0318445,-1.4855604,0.26705027,0.8896308,0.08228399,1.0654804,-0.51728845,1.4093474,2.2988982,-0.36283857,-0.44550252,1.4533845,1.5795722,-0.52286005,-0.42018682,-0.2817846,-1.3444505,-0.91865194,-1.0041407,-0.7677976,-0.03468489,0.23421474,1.5505005,-0.998354,0.98432237,-0.21398884,-0.049463708,0.67481947,-1.122722,0.38240975,0.16645221,0.49245125,0.28916866,2.4553,-0.63773996,-0.530997,-0.6231405,-0.55547714,-0.63738716,1.1890166,1.4205042,-0.5707463,-0.83235556,0.47141555,-0.552223,0.6329318,0.20292301,-1.5157441,1.5475053,1.7958777,-0.6127887,-0.38770157,0.2858654,0.3344568,0.6585443,2.0102046,-0.17694722,-0.7982972,-1.3793192,-0.73093003,-0.033126973,1.7945578,-0.5176113,0.22378795,-0.016422896,1.1883932,2.5269325,-0.53086877,-0.48943943,1.0441608,0.6818915,1.8467073,0.58392817,-0.3592921,0.59065485,1.1087036,0.8204822,0.50727403,1.0666747,1.1692955,1.382159,0.6487099,-0.16711809,0.14671369,1.206509,-0.81693566,0.3686733,-0.3933388,0.028744822,1.2784519,0.19109906,0.04643655,-1.3598561,0.74625355,0.6454842,2.1632547,-0.30777824,0.21915033,0.24938369,1.5774533,-0.09529553,0.27902153,0.6078965,0.18660912,-0.4464336,0.19409,1.0736318,-1.0265152,0.13296968,-0.7001208,1.1950467,-1.5231869,-0.5589219,0.37721187,1.565524,-0.06575026,-0.5551995,1.881157,-1.4480139,-2.198806,0.44001445,-0.5020542,-1.0212328,0.70835644,0.24380071,-0.5640786,-1.2803044,0.8724573,0.6502012,-0.09917586,1.846637,-1.0700848,-1.5255252,-0.69190806,-0.045586016,0.24333945,-0.24123606,0.3520554,-1.2515395,1.4437646,-0.08215118,1.1172959,0.34272534,0.45675322,0.5697673,0.44770855,0.6427228,1.3291526,0.19652116,0.70900375,-0.089735694,1.4401172,-0.6763923,1.8009404,-0.04015795,-1.430775,0.12810442,-0.6810517,0.8406435,-0.65262395,-0.44618344,-1.8895407,-0.45230633,-2.4238794,-1.5839028,0.76041466,0.78580016,0.42545757,-0.96697617,-0.047711357,-0.0036025392,-1.1583647,1.5033983,0.8773623,-0.22096418,0.02688584,0.20838282,-2.041735,-0.24717738,-0.68198425,-1.00162,-0.2811003,1.7976866,0.64084285,-0.571179,0.5725828,1.3993554,0.9246337,0.05963037,-0.6469368,0.6982233,0.3934854,0.8951932,0.63517183,1.0495527,-0.5352352,1.317394,0.1975996,0,-1
2.0752609,-0.6891878,1.7359638,0.19791079,-0.65141803,-0.48388582,-0.3203473,0.42416593,0.5228355,-0.5737,-0.024354592,2.1422703,1.7275431,0.43632367,0.03800348,0.12003133,0.613518,-1.0227926,-0.25737655,-1.6685841,0.39922312,0.64719594,-0.48318645,1.5739868,-1.2257657,-1.4643749,0.22445183,1.0470983,1.6839277,-0.45888427,1.0786809,-0.03850847,-0.1726273,0.88365996,0.6523229,-1.5763922,1.4765403,1.3800913,-0.6255627,0.39580354,0.49403018,0.26067376,-0.5503051,-0.67162335,-0.02555407,1.172729,0.54360014,-0.37061432,0.7716987,-2.8485427,1.1487657,-1.7397138,-0.36244094,-1.1196699,-1.2946814,1.1608268,-0.4677012,0.34650388,-0.04692058,0.47704083,0.07682189,-1.2829922,0.99626684,-0.4937566,-1.5565819,-0.42811516,1.5007598,0.85022175,-0.34865212,-0.3492577,-0.32163504,2.076748,0.38193545,0.43004164,1.0302835,0.23878916,-0.25904214,-0.19634984,-0.07160126,-0.037222236,0.72762954,0.051945888,0.7326401,-0.08071658,0.07863519,-1.9982007,0.91632766,0.34648848,0.9980101,-2.8962555,2.0883746,-0.13958962,1.1081828,-1.0399059,0.6127739,-1.0534155,-0.623769,1.9140314,-0.1906824,0.21743287,0.8700677,0.49568188,0.1504189,0.364961,2.4034157,-0.057618797,0.20109905,1.0506544,1.105526,1.1870303,0.6387302,-1.1430049,1.6334316,-1.1463454,0.30263546,-0.75427586,-0.064138345,0.3287624,0.32135722,0.42192075,1.6137112,0.4535343,-0.24415663,0.9640872,1.1894705,-1.2276078,0.59740007,0.70117277,-0.2975635,1.3757068,-0.15005559,0.12557645,-0.17307183,0.015579048,-1.0962751,-1.4400508,1.5945051,-0.8469613,-0.9913924,-2.1533902,-0.63896173,-1.3230898,1.6420152,1.0098171,-0.68815035,2.252436,0.9817655,-0.3248314,-2.4994056,2.2909427,-1.3895725,-1.6453987,1.0225705,2.4397523,1.3842728,0.5639091,0.59475434,0.85341555,0.7589286,0.28119144,0.1042011,-0.062593125,-0.7539646,-0.28067508,-1.6929568,-0.098339625,-0.98859113,-1.1035893,0.17989415,1.3920023,0.9183166,-1.5705006,-0.98962814,0.94077116,-0.9824874,-0.22463316,0.5500521,-0.96834445,0.105375506,-1.3340255,-0.60136765,0.31978193,-1.5929937,0.44047475,-0.019637799,0.55248994,0.22391413,1.3641404,0.1252245,-0.42940554,0.1222975,0.543298,0.04886007,0.04059169,-0.7019917,-0.6629009,-1.4026053,1.7495767,-1.2438632,-0.6929052,-0.7184073,0.8949244,-0.29494968,1.247742,-0.67349064,0.27899417,-0.83534706,2.1451492,-1.1875985,0.3098207,0.6337769,0.4137991,-0.18528765,-0.1298207,0.04381147,-0.147002,0.9638791,2.210523,-0.5574918,-1.369803,-0.08828205,2.5797093,-0.8036746,1.6391168,1.6777008,-0.5535883,0.5689831,1.6283966,-0.37912774,-0.20358036,-0.5816809,-1.0147567,-0.64927757,-1.2239403,0.034083467,-0.7699732,0.23378591,-1.5558957,0.33088022,0.83352894,-1.9937357,0.37405658,1.227669,-1.209641,1.6725724,0.419019,-0.70501184,-0.05576908,0.5583269,0.07600539,0.538756,-0.9206736,0.16936083,4,-1
-1.4137145,-0.11122606,-0.90390766,-0.73552996,1.2360932,1.0913101,0.60913813,-1.0923128,-0.31640846,1.2130977,0.14171691,2.3193295,0.39331785,0.19204912,-0.30911645,0.1335409,-0.15246984,0.70810866,0.9567023,-0.78598946,-1.3312329,-1.8362054,0.5079913,-1.1033666,-2.1528907,0.3885786,2.4929996,-0.0060709114,0.8384908,0.08182936,-0.09888966,0.9190765,-0.29027453,0.2673923,0.3216978,-0.66809046,0.99204236,-0.17495976,-0.7557452,0.5365099,-0.89846796,0.028181158,-0.009118997,1.0858955,0.47469825,-0.025026958,0.8177663,1.3902075,0.5578103,0.01035262,-1.3118362,-1.0651137,-0.30522472,-0.6095122,-0.1869713,0.056649923,0.52969277,-0.07049878,0.48650163,0.06447441,-1.9754666,-0.9393354,-0.14408755,-1.2096947,0.59992874,1.5307509,1.2187618,-0.21344288,1.4907261,0.14866745,-0.33708596,-0.61340266,-0.3024697,-0.38817683,0.17041622,0.16057397,0.0030460202,0.43693817,1.1906463,0.94955415,-1.484898,-2.5539212,0.9343199,-1.3668787,-0.2247654,-1.170113,-1.8019805,0.5414627,0.75915515,-0.5765104,-2.5910423,-0.54624444,0.391804,-1.4789115,0.18335992,-0.015309849,0.5792915,0.119580366,-0.97306895,1.1965715,-0.15852958,-0.02730454,-0.93326795,-0.44328225,-0.8848027,-0.17294607,1.7117084,-1.3719012,-1.6135614,1.4711703,-0.20932367,-0.66907275,1.0399047,-0.60561556,1.8260098,0.6779259,-0.4879114,2.157308,-0.6057149,0.74209535,0.2992926,1.3017412,1.5615112,0.032004148,-0.75341785,0.45997214,-0.67771536,2.0133872,0.13653533,-0.36532155,0.18468031,-1.3471262,-0.97161406,1.200414,-0.65689427,-1.046911,0.53665274,1.1857041,0.7189533,0.9960477,-0.7567951,-1.4218106,1.5013336,-0.32267985,-0.250833,1.3281941,0.55623,0.45588776,2.1650023,-0.6435182,0.9278401,0.057013124,0.26859227,1.5284684,0.50783575,0.5382961,1.0725074,-0.36495274,-0.8392097,-1.0448092,-1.9663566,2.0562072,-1.1032084,-0.22125362,-0.2768133,0.3074067,0.8157372,0.8604735,-0.58307743,-0.16712171,0.28257996,-0.24869113,1.6073456,0.49097496,0.73487777,0.66288126,1.1734738,0.18102156,-1.296832,0.39968795,-0.6513569,-0.52861667,0.58636403,1.238283,0.021271577,0.308833,1.702215,0.24075317,2.6016831,0.5655096,-1.7607628,0.7533416,0.38115838,1.2897527,0.67318135,-0.13845599,-1.2242982,-0.20902325,-0.85052043,-0.58052343,0.5885784,1.6699045,0.39467153,-1.195883,0.44460267,1.1966314,-0.6097829,-0.13401717,0.014688195,-0.78489834,0.64828044,-0.12094815,0.41953245,-0.8874922,-0.4374583,0.72238135,-0.37283316,1.7269639,-0.39963618,0.22468473,0.93259084,-1.4183657,-1.7608088,-1.5256563,1.2625841,-0.5518581,2.5581992,-0.5642476,0.1845513,1.54211,2.0060928,2.0615036,1.2083663,1.0240625,0.592527,0.7783611,-0.5511857,-0.81819886,-0.0033744574,-0.17018463,-0.45322806,0.69638747,0.9553052,0.08840688,1.4775301,-1.1416891,-0.19365945,-0.7168223,-1.8665366,-0.08268069,-0.12174751,1.5134498,0.6308117,3,-1
-1.0241868,1.8540926,1.2210337,0.5820977,-0.2264841,-0.9594392,-0.37220678,1.0887486,1.8845863,1.5432435,-0.48884943,-1.1196175,0.14088625,-1.7684394,0.3231677,-0.14760259,-0.4660365,-1.5947031,0.5136001,-0.53270084,-1.1699169,-2.8722622,-0.027514905,1.7722516,1.6612592,-0.45709625,-0.6022121,0.46877426,-0.9983854,0.3017919,0.76608026,1.2269332,-0.10015408,-0.20367375,-0.8779826,-0.82688034,-0.22647889,0.3673655,0.91358465,-0.80317897,1.4926885,-0.2711236,-0.021367295,-0.7472117,-2.4242404,0.8840454,0.7368439,-0.28132755,0.06699072,0.51593924,-1.5625459,-0.5290527,0.7942647,-1.2542894,0.29355794,-1.3565818,0.46642998,-0.035641484,-1.6151319,1.1647394,-0.7345916,-0.8102524,0.2005692,1.1486373,-1.0158218,0.06167985,0.4288165,0.6931056,0.17644155,-0.36702785,-0.8275902,0.08614388,-1.072139,-2.9213505,0.4365598,0.90393484,-2.3629324,-1.0097307,0.6191543,2.0574954,0.020793708,-0.72800297,-0.18289644,1.3748764,-0.6459642,-0.799192,-0.48274353,-0.9533286,0.122670315,1.6246785,0.3230793,-0.2523535,-0.29181126,-1.5631908,0.88310975,-0.0778372,-0.18047991,3.1931076,0.2987529,-0.75179106,-0.4263576,1.1484457,0.11327041,-1.438278,0.9192289,-0.6681441,1.8732978,1.0800481,-0.4473219,1.2810163,0.06785551,0.85277367,0.4847328,-0.84635663,-0.64354986,1.0299609,-0.33477533,-0.40364847,-0.9551226,0.42359906,2.062525,-1.0675329,0.024219457,1.4122206,-0.079641394,0.4523718,-1.0623935,0.4283071,-0.18714426,0.98573,1.187386,2.5895636,0.5796332,0.3257963,0.1943843,-0.35316628,0.33848384,-0.29540142,0.16846098,1.3175975,-1.0065426,1.1398785,1.3171151,-0.11806852,-2.1218548,-0.607822,1.2969946,-0.022868061,-0.9993022,-0.5047749,0.84062004,0.54673356,-0.2389321,-0.36682442,-0.39175814,-0.9224102,1.6153756,-0.32232046,1.2171586,1.521316,0.9983109,-0.4316203,0.4037301,-0.024195606,-0.90370184,0.32435927,-1.1790398,1.1876794,-0.4646173,0.20115966,0.28328788,-0.25890496,0.5866938,-0.47490364,0.8712973,-1.3459797,0.12637958,1.938929,-1.0003313,-0.677745,0.51390785,0.17958178,0.3506301,0.48918712,0.63472146,1.1096998,0.40981865,-0.24125765,0.6725737,1.899882,-0.13263375,-0.9745293,1.1070807,-0.12038116,-2.1726696,0.8474217,-0.5353282,-0.09053328,0.33198032,0.19049968,0.7094518,-0.43548638,0.5131058,-0.25954667,0.7388105,0.6153675,-0.9354387,1.0859821,-0.5359634,0.8080578,0.3672873,1.8381836,-0.22346598,-0.3493168,-0.019419607,-0.30317977,0.7999419,-1.6163106,-1.0536824,-1.0678029,0.9503076,1.7106134,-0.10444922,-0.16882172,0.07005216,1.1618783,-0.92735314,0.23836899,0.9751976,0.50109416,0.18958162,1.0010461,-2.7032323,0.67787534,-0.6540757,-1.8306329,0.5112026,1.3736585,-0.13744852,0.95287454,1.6122782,1.3149145,1.6399646,0.7421275,0.07543364,-1.6019658,-0.24606249,-0.8432466,2.1709428,-0.17588581,0.123204805,0.55148536,0.043602448,1,-1
1.6950511,-0.6226494,0.19460745,-0.74247056,-1.3200225,-0.6117691,-0.0370368,-0.42930222,-0.69242096,-1.4063175,-0.08310557,-1.5047203,0.76005596,0.08243975,-1.4575515,-0.30920908,-0.7521564,0.3191745,1.3404504,-1.8751725,0.11502608,-0.1601328,0.67134005,0.21319664,-0.75196934,-0.31905395,-0.7960259,1.0760071,0.021311648,1.9011906,-0.060660813,-0.70840675,-1.5137144,-1.8031397,-1.5841359,0.26712665,0.50872505,-1.5811907,0.8950383,-0.48306105,0.14679301,1.6122206,0.8968393,-0.26853064,-0.8911922,-2.1518154,-0.71915334,-0.21113023,-0.9871795,-0.13125697,0.07685188,-0.22485599,-0.6500026,0.16865467,0.44194064,-1.090399,1.4109324,-0.09858813,0.018849622,0.7082144,0.23321614,0.9531366,0.28712416,-0.61243737,0.3615035,-1.1437262,0.108559705,-0.03322999,-0.20811686,-0.1285375,-1.881849,-0.5487249,0.0928449,0.1598564,-1.0276752,1.2657079,-0.8661749,0.9694572,0.42719436,-0.6462273,1.7753109,-1.1936368,0.91915417,1.0005823,-0.6706202,1.3924654,-0.25004652,0.28869364,0.26032183,-0.13430874,0.8108083,0.79348874,-1.7485319,1.3043402,-1.662492,1.0325462,1.1267052,-1.0909665,-0.4108143,-1.1057047,-0.21492103,-0.30803427,0.7796605,1.3103087,1.3956838,-0.562168,-0.20922187,-1.6834382,-0.80587006,0.9648516,1.6155828,-1.2343489,-0.59246427,-0.026405757,0.28016117,-0.8096035,0.42406103,-0.47383934,-0.014452271,0.54628426,0.0064222696,-0.4363859,-0.109609805,-0.08836296,-0.37001103,-0.25879607,1.5986471,0.56091946,-0.2954803,0.6969544,-0.33381948,1.1731247,0.3696422,-0.107302144,0.44771692,-1.5708761,-1.1267675,-1.193925,0.1429431,1.732515,2.2313,0.6380511,0.5008445,-1.8010577,-0.5426738,-0.78778374,-0.6208476,-0.16814382,-0.47209057,-1.9792998,0.74791026,-1.072743,0.23924686,2.0740826,-0.9193846,-2.5302875,-0.28600422,1.1009597,1.9583474,-1.2295496,0.4966992,-0.46531045,-0.10594835,2.6443434,-1.5029703,0.25373966,0.46769318,1.0857863,0.09798315,0.30805054,-0.39164856,0.26912695,-0.34319228,0.6215719,-0.36961034,0.3771004,-0.029262813,1.1260502,-0.051393725,-1.7730324,1.2619215,-0.9057323,-0.65376633,-0.5956613,1.374438,-2.1356742,3.1377485,1.0560569,0.22323892,-0.054894,0.28555408,0.52112246,0.6452156,0.55560446,0.089580685,-0.19733842,-0.15127328,-0.19490828,1.1337701,0.5935567,-2.9403887,0.6559008,0.1947362,-0.018708756,-0.38851845,1.1241127,0.94752645,-0.7728777,0.40705228,-0.97165674,-1.3796182,-0.6267172,0.8623935,0.95312506,0.5130854,0.7250958,0.5161783,-0.6414816,0.43192255,0.8004095,0.75429136,1.1889133,0.70830387,0.3514482,1.0701503,-0.02652126,-0.8818747,-0.16306697,-0.7449027,-0.6751783,-0.14451867,-0.7924199,-0.30796152,-1.8936146,0.2132937,0.0012054754,-0.8170886,0.65924567,0.93757015,-1.6075599,-0.76272476,-0.7691423,-0.9399031,0.82947487,-0.19382614,-0.26451483,-2.0038624,0.63541806,-1.2392584,0.05993263,0.27737695,1.3606586,-1.3088204,5,-1
-3.0195122,0.18384954,1.8005112,1.2389463,0.20965941,-0.4916362,0.8071226,-0.9735462,0.47635776,0.50547016,1.0602099,2.75966,0.39241597,-0.50896364,-0.025574312,-1.7690759,-0.6947131,-0.40928245,-0.5240884,0.15235487,-0.82241994,1.1210307,0.00020706492,-0.009300321,-0.32789472,0.15519068,0.8250983,-0.8671302,-0.65811646,-0.30372602,-1.345871,-0.81925786,-0.47622088,0.8743892,0.26256132,0.19358991,0.85089797,-0.1373718,0.39046484,-0.10322175,0.26536235,-0.58275867,-2.4388173,-0.13427916,1.4227481,0.9262154,0.9653975,1.2361307,0.08865759,0.19731571,-0.6176519,-0.31607285,0.6157712,1.2038845,-0.13944627,-0.45018926,0.00052795885,0.6012067,-1.4438548,-2.296181,-0.5505369,-1.2207124,-0.5081402,-0.14778031,-0.4532484,1.4524676,0.32674477,0.30047435,0.62220716,-1.1388332,1.0391117,-0.07576428,0.6704806,-1.0718572,-1.5537587,0.81788963,0.37640953,-0.90205157,-0.86966306,1.1254348,-1.1894119,1.6426729,-0.90062076,0.6383919,-0.32861847,0.60318744,-0.544114,-0.1627929,0.040919177,-1.0021875,0.74082434,-0.5132136,-0.22859992,-0.99434936,-2.5623336,-0.19102776,2.4126155,0.7846043,-0.01926038,-0.26289082,0.022465892,0.54711914,-1.1808128,1.1143217,0.7153813,0.7181857,0.43847573,0.019616658,0.6728612,0.59181416,-0.3540407,-0.5736018,0.1018563,1.5490202,-1.2391071,-1.4675252,0.16476084,0.0508877,0.17334166,0.2439532,-0.22320226,1.4898634,-1.600904,-0.82849705,-0.10325476,-1.6431888,-0.1758544,1.6614702,0.020886488,0.23070091,-1.2601647,-0.6163614,-0.37519637,-0.3177151,1.2816437,0.55769104,-1.111458,0.24650478,0.49822176,1.140149,1.5805407,-1.0150942,-0.81085753,-1.2575779,-0.23401986,0.46635836,0.9873345,-0.075951025,-0.31984752,0.15175799,-0.8351429,2.0895388,-1.607661,0.18474057,2.0236063,0.0067998446,-0.19003904,-0.35744542,-0.18039168,1.3728485,-2.2118618,1.5334337,-1.4239571,-0.26665232,-0.42924443,0.58855325,-1.5981244,0.46217266,2.0243096,-1.363174,0.18970616,-0.6619822,0.4258872,0.019147778,-0.6414869,0.48787227,1.8043481,-0.1909038,0.7197579,-1.293273,-0.9564364,0.47240627,1.4841161,0.35561335,-0.31305802,-0.00070859457,-1.2504077,0.6045153,0.88233304,-0.45209032,-0.47004214,0.26587823,-0.43671975,-0.06613261,2.0997217,-0.2470257,-0.35834014,-0.6475418,0.74419194,-0.18122417,-0.64937305,1.3213041,1.419603,-0.6004236,-1.86654,1.0075136,-0.6846298,0.7906256,-1.9701039,0.8925973,-1.211172,0.7307641,0.014273068,-0.95393944,-0.4070363,0.68631846,0.105894454,0.584413,1.9764405,-1.5642416,1.6172125,0.10435594,-0.89878404,-1.3303137,-0.1891204,0.9216501,-0.12754913,1.5111549,-1.4511757,-0.012088948,-1.2523935,0.36363187,0.8868874,-0.4207618,-2.604214,0.19894814,0.43673855,0.40429476,1.2357821,-1.0710536,0.68021613,1.1925075,-1.7785876,0.3196518,-0.50417984,-0.08152267,0.3476765,-0.48722857,-0.67570806,0.03415242,-1.087246,-1.0858251,0.67937326,0,-1
-1.148794,0.6663125,0.4625913,-1.7258067,-0.6775647,1.1941094,-0.9811655,-0.46440426,0.4620609,0.7833905,-0.25153887,-0.5975102,1.4223698,1.7388997,0.97885805,0.08531814,-0.80826575,-0.8304444,0.5225141,0.41839823,1.4015986,0.6504501,-1.5030802,1.0519476,-0.99806064,-0.38397127,0.2502002,1.9956675,3.1099186,0.60672307,-0.18319662,0.53450567,0.88765544,-0.32066762,1.7952113,0.23007075,0.4977431,0.66592425,0.4215866,0.8389405,-0.6172532,-0.55830175,-1.1001543,0.43950123,0.7789365,0.45777288,1.6744925,-0.005596019,0.66874164,-1.0917009,-0.3870997,0.69553775,0.84910214,-0.29396695,-0.07159925,-1.5178738,-0.3570292,0.8903832,0.575205,0.5006657,0.049773686,0.007063159,-0.6603211,0.6988284,0.42097294,0.49201885,-0.52603483,-2.153343,1.0971527,-0.47883746,-0.86277574,0.6934789,-0.39201263,1.0599364,0.61700594,0.6835693,-1.3659557,1.211944,0.26125053,-0.36927715,0.14338847,-1.7762352,0.4086528,-1.0293715,-1.3526703,-1.5223591,1.1126884,-0.6292634,1.5337278,-0.5358015,-1.707358,-1.1165245,1.2358116,-0.15589818,-0.5482873,0.16001822,0.5017827,1.1173989,1.4484992,-0.35976866,-1.3260477,-0.41346517,0.26028052,-0.96375895,-0.95715094,0.34378788,-0.04865235,0.032796994,-0.75849533,-0.23040071,-0.92423314,0.8901984,1.0352494,-1.8461878,-0.92951083,-1.4965292,-0.65002394,-0.08343797,-1.4496452,-0.9218598,-1.0039574,0.20726733,0.069344334,-0.72173756,0.17682087,-0.5466801,-0.2716551,1.6734521,1.340461,-1.2995813,0.8297324,0.81139654,-1.1482633,0.8187776,1.5379319,-1.1225448,-0.9175028,1.0176615,0.2714953,0.5514763,0.34058923,0.39069593,-1.3264722,1.0473177,1.16959,-0.22939074,-0.04347695,-1.5311075,0.51425475,0.5720574,-0.062191017,1.1243534,-0.33407724,0.56460595,-1.0196643,-0.023552151,-0.17435426,0.22530793,-0.36952692,-0.1314726,0.8260472,-0.43676424,-1.6065772,1.749584,1.3814541,-1.2922627,0.6897078,-0.50297475,0.26348722,0.29422414,-0.2344078,-0.7837657,-0.690541,-0.91619194,-0.8318222,-0.06717829,-0.71576,0.6820521,1.4872462,-0.58005327,0.2394045,0.4996851,0.47200227,0.075955264,0.7426824,0.48224896,-1.2376624,0.86915606,0.88729084,-0.7632861,0.037937835,0.683329,-0.20931382,1.072978,2.3638725,-0.785986,-1.3810446,0.30381858,0.7215625,-0.23086637,1.4532607,-1.3386058,0.6929186,-0.6058608,1.7193779,1.9925153,-0.7666566,-0.54955715,0.8595879,-0.38713065,-0.045411218,0.02538842,-1.9196732,-0.013837746,-0.6897278,-0.49312282,1.443632,-1.2565069,0.8132052,-0.27896294,-0.27976018,0.7903719,0.3400513,0.570613,0.96818465,-0.3313084,-0.61223674,-1.0851505,-0.82541054,2.9490945,1.2446796,-1.3510743,-1.3224579,0.48186606,0.5472648,0.54888386,-0.2549558,-0.12545426,0.32787952,0.085893005,-2.2193003,-0.22979963,-0.85140646,0.17521141,2.985259,0.36748168,-0.3135297,0.9218015,0.4826879,0.4200945,0.60685056,2.0565436,-1.1308885,4,-1
0.47363207,-0.9263811,0.55551267,-0.9186865,-0.4173668,-0.2950899,0.9758167,0.91845447,-1.2457174,0.05493411,-0.7095798,-1.2585049,-0.21701705,-0.3084828,2.4267166,0.43295982,-1.3776175,-0.564774,1.0213833,2.0884428,-1.5859833,-1.8799244,1.8709651,0.38961416,-0.86829275,0.5346291,-2.6357477,0.0033755065,0.32782117,0.92427015,-1.013896,0.08568716,-0.92542464,0.25538376,-0.89534634,-0.40810084,-0.9958154,0.6511362,0.8584511,-0.23462057,0.038237996,-1.4485915,-0.29967666,-0.050204616,2.620793,-1.111967,1.4641773,0.9968588,0.2806364,1.7586205,0.37210548,0.3891592,-0.053120654,1.2235689,1.0964693,-0.6256773,-1.3192472,-0.20298064,-0.8000386,-0.063524574,1.2374381,-0.45730165,-0.04282338,0.058022734,0.8484309,-2.2468894,-0.6067003,0.2112837,1.200079,-0.49190244,-1.8765527,0.61971146,-0.6353624,-1.1896666,-0.62434536,-0.18452536,-0.6047447,-2.2055662,0.8970662,1.274875,0.651522,-1.1376857,-0.20149153,-0.0065213153,0.5987944,0.6683405,-0.7341738,0.081995554,0.4572804,1.4558223,0.7045065,0.78905666,0.08382663,1.4104592,0.4097628,-0.8610879,1.40337,0.6979033,-0.443044,-0.47949296,0.29657555,0.4631848,0.19729227,0.31130868,1.6999574,1.0715431,0.19063559,0.9413106,-1.0325239,0.39792705,1.8093064,-0.21804589,-0.84763396,-0.6520889,-1.089633,-0.7847619,-0.3705081,-1.405567,0.015618334,0.9022772,-0.9077562,1.5192839,0.5107921,1.0305806,-0.65783453,0.8545252,-1.0919338,0.8902475,0.17183934,0.5532512,-1.1755946,-0.89506984,0.5972282,-0.948348,0.4632063,-1.3671378,0.8481742,-1.2325233,0.5522999,0.6256309,-0.6967718,0.58202654,0.26044226,-0.53884184,-1.0085547,-1.9626257,0.34965006,-1.5648028,0.0953442,-0.2634482,0.6791428,-0.3020455,-0.32944778,0.7318707,0.33505803,0.31615597,0.46926758,-1.5355722,0.7567887,0.6124688,-1.0166831,-0.24408047,-0.03930729,-0.13449678,0.33385998,1.4313668,1.0817667,-1.3122191,0.62207,1.3289334,0.3868085,1.0909804,2.0122705,1.0237095,0.2493086,1.0450885,0.14488783,0.023903044,-0.35141423,1.5634134,-0.8184287,1.5323677,0.49986413,-1.3993062,0.3676493,-2.1000266,0.625508,0.8852315,-0.59235597,0.123547696,1.9541575,-0.5057467,-1.0589076,1.4816633,1.9625872,0.003695672,1.011463,1.341476,-0.7424842,-0.48530585,1.2308745,1.6850142,0.5628809,-0.8798143,1.9870611,-0.5309709,-0.33513778,0.34233785,1.5541605,0.85397595,0.4148655,0.46328852,0.04351467,0.5581395,-2.52956,-0.29660746,0.24132194,-1.1510141,0.3863233,-0.20447122,1.7554756,1.5730197,-0.46580556,-0.1508377,-0.073947564,-0.45165947,0.19502498,-0.75828207,-1.1306154,0.62271124,0.6295296,-0.80431575,0.8953554,-0.63157773,0.25316525,0.82034403,-0.033612564,0.4547409,-0.51642966,-0.19646658,-0.20585944,-0.74657834,-0.17677416,-1.5486183,-0.49115375,-0.28487548,-0.25617975,-0.24149744,-0.0617642,0.47944152,0.8745171,-0.64976525,-1.2032008,5,-1
-1.0420444,-0.4872029,-0.35192132,-0.76999605,-1.2961167,-0.45612082,0.18142661,0.5950295,-0.55742306,-0.4129978,-0.9266983,-0.03143917,-0.8484286,0.5731278,-1.7858665,-0.35962966,0.30110735,0.18383452,2.6930337,0.34980002,-1.0040545,-0.095464244,-1.7762463,-0.08059975,-0.83305603,0.91539025,-0.5495403,-0.11676592,-0.63555783,1.7388513,-0.32124278,1.8325571,0.81415176,0.48206672,0.36873314,0.3937973,-1.9276726,-0.2788834,0.845158,-0.048897184,-1.4051899,-0.052404452,1.7041055,1.2468917,-0.06200401,0.9514493,-0.36650702,-1.7038716,-0.924466,1.5628887,-0.27399307,-0.24338397,-0.2998382,1.9041365,1.6259589,2.2187803,-0.1590452,0.2956245,-1.5166426,1.4769344,-1.1677796,0.21677557,-1.0973026,-0.58886683,-0.83726245,-0.6078753,-0.5391227,-0.5482688,0.8333339,-1.1048628,0.22054143,1.2179592,-0.51319635,-0.7179189,-0.23052463,1.1797252,0.19410764,-0.5312143,0.48387665,-1.1022922,0.6813595,0.4086073,-0.30780846,-0.8385858,-0.8866809,0.53481734,1.2289805,-0.63730776,0.4583867,-2.087027,-0.58461773,-0.031058934,-0.9096834,-0.9365064,-0.66777956,0.29219273,-0.18732902,-2.2382312,-2.1207001,-0.60686517,0.45768657,-2.747505,-0.49973017,-0.52624786,1.3883377,-0.3850218,0.382989,0.14125714,-2.1305666,0.7682072,0.21539651,0.50826865,3.9262378,-2.084113,1.7246966,-0.2874475,0.2873289,-0.045512244,-0.42423633,-0.5698329,0.32950872,-1.5171736,0.7505792,-0.4161944,-1.1300694,-0.45001286,1.2571492,-0.53533506,0.35845363,-0.73095626,0.7579219,0.6855077,1.8486089,-0.17556395,0.6686548,0.09806754,1.2958717,-0.7188324,0.7450053,-0.19469729,-0.064188175,0.091752484,0.2522404,-0.11622904,0.21471319,1.5781181,0.9854497,0.8691546,-0.45553952,-0.8892408,0.95530057,0.8760468,1.4726707,-0.6039806,-0.22954865,-1.6394842,-0.3924711,0.9965705,-0.46649536,0.6404798,-0.1905031,0.32405704,-1.1476914,0.08520945,-2.991136,-0.18689616,-1.6304733,1.2059945,0.77740735,0.466671,1.5210062,-0.9489165,1.7473632,0.93219155,-0.2365553,1.1356201,-1.1062936,-0.82451415,-0.6085897,-0.5289777,-1.0565577,1.223083,-0.2588544,0.35250497,-0.57035136,-1.8206033,0.27005735,-1.9122549,-0.06863405,-1.368315,1.987276,0.9113627,0.105753794,1.2637067,-0.846316,0.5434794,0.19981043,0.2640201,1.2723535,0.7324921,0.28872368,-1.6548874,-0.9600463,-0.12270893,0.093372375,-1.1302037,2.4116766,1.516394,0.6021183,0.07203686,-0.21220897,-0.9519185,0.07748052,0.25775254,-1.2417606,0.33417642,-0.15525904,-1.9078076,-0.860385,-0.41360554,1.8876877,0.5565531,-1.3354815,0.4860363,-1.547304,1.0826911,-0.47112465,-0.09363619,1.3257966,-1.2871636,-1.3971182,-0.5835993,1.0383788,-1.5193461,-2.8321557,-0.45115885,0.5517408,1.2002617,-0.46316135,-0.4114266,1.1539007,-1.8697417,-0.38852078,0.19042389,0.44921872,-0.5098067,0.034441013,-2.4883273,-0.6582484,0.4535087,-0.982294,0.05898422,0.4468725,4,-1
-0.3425492,0.17046377,-0.96273255,-0.20661128,0.61021614,0.15697296,-0.5865313,0.2242164,0.7146098,-2.0499413,1.1590741,-0.33625475,0.42548993,1.1972469,-1.3716737,-0.709441,-0.2885487,-0.7837535,1.7349366,-0.85677207,-0.55554676,0.20438904,-1.2021495,-0.39568073,0.31745327,-0.3328604,-0.09338686,-0.5293321,-1.5144703,0.32159323,1.7549331,0.01840163,0.22526412,0.69272274,-1.2693305,1.7025146,0.2023288,1.6318569,-0.733033,1.818062,0.7751555,0.5530401,0.23402445,-0.24852861,1.2005316,0.14035986,-1.9670697,-1.1171864,-0.18584575,0.309999,-0.05658849,1.2189708,-1.9511019,0.14358793,-1.8179792,0.7597123,-0.094458714,0.41960996,-0.86388296,1.279465,1.0417247,0.5835443,-0.12951724,0.5798573,-0.70689255,0.85555565,1.6494809,1.0706105,-0.72960246,0.36141732,-1.2931415,0.5723903,0.45060343,-1.8698163,-1.1617838,-0.2831389,-0.30085975,-1.209477,0.38897872,0.2514736,-0.19426914,-0.7557915,1.0487071,1.6554071,-0.4835615,-0.61216694,0.49120766,-0.35802937,-0.1393972,0.73965317,-1.9093561,1.3183023,0.072680525,-0.41149315,-0.08923415,-0.037570644,-1.7312013,1.4949383,0.041325632,0.44300213,0.95154977,-1.0211625,0.4734719,-0.2676411,0.84677076,-2.1272273,-0.0990943,-0.60282063,0.43226296,0.4700442,-0.70762587,-0.7121739,-0.110665366,-0.8966422,0.8419837,-0.3692072,-2.9069881,-0.37482205,-1.0385438,-1.6312758,-1.2374266,0.109408475,1.3286408,0.31318447,-0.60650337,0.4559042,-0.45909032,-0.69460034,-1.1543627,-1.7518288,-0.3899237,0.15805349,-0.09662367,-0.41596693,-0.94574606,0.6082462,-1.3171319,0.7760279,-1.002217,-0.75243527,-1.4667852,-0.50140214,0.9753125,0.5156281,0.9784221,0.5221425,-1.1036699,-0.33078924,-0.7801991,1.3305749,-1.1967887,0.8936977,0.8929539,1.8296202,-0.4096866,0.7123222,2.2816517,-0.6176417,-1.5350403,-1.88001,0.71271205,-1.8831502,-0.37231904,0.4373132,0.18517554,0.42544487,0.22228986,1.2788658,-0.9523164,-0.67699516,-0.7726594,0.8301918,0.9003986,0.4512253,1.1834936,-1.1780409,1.6672242,1.5232387,0.735622,1.781799,-1.6566232,-0.52444816,-0.73530346,0.7214793,-1.0501407,0.75749516,1.3705361,0.6952029,0.283751,-0.9878733,-0.846851,1.2496189,0.779349,-0.039019518,-0.41790953,-2.0258079,-1.0708524,1.911419,-1.2804556,0.18947983,1.007444,-1.2549226,0.18471047,0.93791556,0.012499322,2.868403,-1.6685992,1.0587286,-0.17280173,0.77192014,0.44130716,-0.7331562,0.2289964,-1.8579015,0.6032475,0.29815847,0.6386602,1.0581183,0.36761984,0.14808942,-0.88106835,-0.7122208,1.1867347,1.4363354,-0.23811044,0.046002746,-0.9046144,1.1727568,0.66541684,1.9412174,-0.8783231,-0.3780079,0.23144592,0.64648956,-0.21566764,-0.8729611,0.8814075,0.7211354,-0.91627413,1.3554428,1.1701987,0.13429649,0.07959786,0.5540578,-0.8617031,0.03003148,-2.1523836,0.87645566,-1.5614933,1.5034199,-0.3301201,-0.21166699,-0.6277339,4,-1
-0.28803888,1.4185313,-2.4878087,1.2769654,0.33802348,-1.2070216,-1.0753124,1.676393,-0.9455069,-1.1533505,1.1373146,0.33855286,-0.9379256,0.21662498,-1.0257527,1.1008214,1.061371,0.5320062,0.36166105,1.7611881,-0.00031367262,-1.1818742,0.44947392,2.086047,-1.0147595,-0.36146277,0.41644603,-0.05390485,-0.98230356,1.1218579,2.3200407,0.19613145,-0.9040683,-1.5489606,0.257976,1.1038773,0.47516775,-0.002403841,-0.58927166,-1.0921637,0.8347513,0.9137716,-1.5457298,1.589839,0.5740712,1.3995947,-1.3421278,-1.3658241,-0.14896931,0.50278443,1.7963609,0.7060789,-0.24268128,-1.0263692,1.2300006,-0.9647054,1.6284685,-0.28438464,1.590582,0.6789313,-0.1369955,-0.51939636,-0.34090787,0.42831668,0.0771565,-0.5938114,-0.16563141,0.07857703,-2.128734,0.45816812,-0.97972125,-1.1533324,-1.6873443,-1.7938925,-1.3554475,-0.709021,1.9532591,-0.5258797,0.17775011,0.40048137,0.13106519,-0.07744346,-1.1952938,1.4509275,1.8071966,-1.6826587,-1.0240285,-0.27981034,-0.9645378,0.50596553,-0.7282722,2.165056,1.1905485,0.21257403,1.0269862,1.1059004,-0.5639475,-0.81621724,0.07814306,0.8616361,0.1390604,-1.5769964,-0.80282444,-0.073972866,-0.07566561,1.9725422,-1.385988,0.50558925,1.4891131,2.2714498,-0.40439743,0.49142945,0.5697604,0.19548173,-0.0988452,0.4359754,-2.532246,0.6820695,0.1261779,-0.2224749,2.0468621,-0.674934,-0.403076,1.9915533,-0.8320613,-0.5501153,-0.14702542,0.8407345,0.2078025,-1.2926253,-0.53216857,-0.60735446,-0.07722104,0.42584366,0.41820577,-1.7760117,1.063941,0.25256884,1.3845321,0.44419834,1.101323,0.4665453,1.3462257,0.52225065,-0.09791525,2.2724347,0.88903713,0.5737444,-1.2763044,-1.2883077,0.2927155,0.1455212,-0.61412257,0.1409827,1.588627,0.6954025,-1.1410085,-0.111508824,-0.8049665,-0.3876999,-0.41361567,-0.47764558,-1.2551354,-0.12765469,-0.5606076,-2.9294486,2.052972,1.0887697,-0.37630072,0.018819049,-1.1716543,1.6957228,1.8972887,0.15669373,1.0235306,0.17528678,-1.3367255,-0.41182336,0.13192797,-0.45454773,-0.21865328,-0.09139956,-0.080878496,0.05225849,-1.060605,-0.71701616,-1.2845843,0.97781557,-2.1056468,1.1535903,1.3863494,-0.3021806,-2.603137,-0.36131057,-0.06418416,-1.0105982,-0.5152184,1.5301952,0.6649272,-0.9245641,-1.5975991,-0.3270173,-0.21345678,0.4961992,-0.5353167,0.5114996,1.9351541,0.81550103,-0.048088506,-0.18315047,-0.35667312,1.1806409,-0.62731344,0.04522271,0.0511979,-0.5017842,-1.3724655,0.3229745,-0.06100397,0.50024045,-0.53360033,1.2208213,-0.8767738,1.7120403,-1.7476366,0.43477008,0.4754307,-0.7955571,0.42439395,1.2795187,-2.2168188,0.5027448,-2.4932709,-0.9656648,1.6291664,-0.58178204,-1.17388,-0.19793773,2.0679064,-1.8316822,-1.05131,1.4974316,1.8577024,-0.103431225,-1.2390527,2.0958436,1.5944424,0.678947,-0.81240237,-0.04902934,-0.16036008,0.33085132,1.4510014,7,-1
0.87941706,-1.0773761,1.3764964,0.31313214,0.6870658,1.4665408,-1.1115803,-0.03582558,-0.53145456,-1.5678594,0.34670997,2.5115566,-1.8400778,-0.032280613,0.6405429,0.123078205,-0.11312805,-1.2992164,0.23278674,-0.756764,-2.1899216,1.1945922,0.9583858,0.051660977,0.22907469,1.074318,0.22433966,0.90401757,-0.2974822,1.3119837,0.32078573,0.19405194,-1.2700611,0.28695586,-0.8319549,-0.6382827,-0.8153756,-1.066235,2.1247714,1.3313391,1.9203675,-1.222895,0.07125375,-1.2935076,-0.69569486,-0.918127,1.239584,-0.39622968,1.0683793,0.6041209,2.3036387,-1.4794443,1.2592332,1.1464409,-0.97337884,1.0071334,0.33614495,-0.22747625,-0.8239355,-0.7191095,2.049812,0.00068281894,0.78213,-0.7908994,-0.7798529,1.0819848,-1.3495762,-0.41521376,0.034027413,0.111372605,-0.17909329,0.39581978,0.6928558,0.73463756,-0.9858038,-0.2841551,1.1947628,0.8946472,-1.3728595,0.3514799,-1.9782252,0.046934903,1.8977671,-0.9478927,-0.83432305,0.7640298,-1.5428015,-0.63275504,0.59644115,-0.63428587,-0.23596999,0.7441857,0.42154607,0.2668184,-0.33912227,0.37006113,-0.12373268,0.4578056,-0.49693203,-0.18256897,-0.9899578,-0.03500761,-0.8110009,-1.1140465,0.25866115,0.21273978,0.78287375,-0.43112558,0.40805286,0.5507976,0.4447738,-0.8256537,0.14936349,0.3641403,0.0071784668,-2.0864778,0.16048962,2.212531,-0.36003926,-0.7280771,0.37334856,0.3123782,1.1927352,-1.2578682,0.7313802,0.59042203,-0.14214654,0.33868733,1.0294574,0.8723154,-1.1430193,0.8201582,-0.06468861,0.0728741,0.07319699,-0.15024298,1.1917075,-0.08371796,-1.1195462,-0.39352986,0.17869471,1.2292148,0.6030947,-0.8505353,2.48519,0.2647753,1.2753907,-0.15171443,0.5333592,0.8394685,1.2181947,1.0573683,0.872197,-0.31508672,-0.57174605,0.3326075,0.93312806,-0.2227207,1.065172,1.4526167,-0.9163209,-0.8369207,-0.14037506,0.30761266,-0.524567,1.3522027,0.42406687,0.039447047,-1.4359095,-1.3158158,0.28100926,-2.1325955,1.0126374,-0.15815385,3.243093,2.3079162,-0.18144907,-0.106337,0.9955815,1.7031726,-1.6380291,-1.7863755,-0.6220348,0.58273757,0.4968736,1.0697714,-1.1996975,-2.3161438,0.85801417,-0.8281963,-2.018488,0.14506374,0.7931757,-0.12205713,-0.4578484,-0.15936223,-0.37058276,-1.3480471,-0.7146807,0.52127993,0.32167855,0.16805981,-0.9951485,-0.18150316,-2.1770651,0.17847666,1.4288577,-1.4741322,-0.58592767,0.32910678,1.2528427,-0.4482246,-0.6922503,-1.9689231,0.10343813,2.042076,0.27735847,-0.02227898,0.3220823,-0.011092004,-0.8130144,0.8232799,0.22576152,0.017613253,-0.97536606,1.3035079,0.6647028,-0.5529208,1.0018249,-0.49757084,-0.7820035,-0.7597031,-1.7710686,0.4715424,-1.8311449,-1.2284439,-2.075588,-0.086069696,-0.15032046,-0.32669622,-1.0425777,-1.1722337,0.46436986,-0.55055195,0.31635833,-0.88524866,0.18106274,1.3032781,0.5861658,-0.4124138,0.25719896,-0.24066517,0.007880185,3,-1
-0.32561105,-0.1643352,0.21209335,-0.9933587,-1.0158788,-1.3885425,-1.6002711,-1.2172827,0.15946251,-0.8927875,0.5136145,0.03471375,-1.9685042,0.6549756,0.81079865,-0.9938627,0.42019156,-0.85649824,0.09767038,-1.2644984,-1.7931064,-0.38281718,-0.123728946,-0.3976797,-1.1840305,-0.39989907,0.26929474,-0.04489303,0.18250103,-0.6701152,1.1717179,-1.1761733,0.4875603,1.1818911,0.4809081,-0.20252423,-0.52829707,1.0360876,-1.422975,-0.97012424,-0.39755777,1.2376537,0.37976763,-0.9680458,-0.3103077,-0.61432314,-0.709789,0.9788896,-1.3717431,1.6087809,0.82822967,1.0908617,-0.4629395,-0.14994071,-1.4331518,-0.52466244,0.49365485,1.2960631,-1.1071569,-0.36550593,-0.15129922,-1.3957891,0.59134924,-0.7239903,-0.19539036,-0.45194936,-0.7893385,-0.0070449854,-0.21560958,-0.37185788,-0.7284616,0.31952468,1.6536173,0.13988723,0.9961182,-1.390222,0.15776144,-1.0973684,-1.4769249,-0.7393714,1.1918993,0.95001584,0.24300472,-1.5327005,-0.19628066,0.3017,0.17553623,-1.8437936,-0.89031786,-0.064077765,0.5362909,-2.196128,-0.16212398,0.14304876,0.849612,0.69285756,0.5825713,-0.7999405,-1.9080021,-0.39305276,1.0016319,1.3934546,0.7105491,0.4293408,0.37963966,-0.5561187,-0.1300603,1.6690695,-0.942558,1.6147788,-0.32202816,1.3254321,-1.406815,0.5859042,-0.73677015,-1.4152672,0.21853404,1.0094718,-0.84494144,-1.4990159,-0.09184477,-0.08743533,0.54831964,0.94959456,-0.05941518,1.8555033,0.22423474,-0.34642652,-1.6115674,-0.26265952,-0.33638695,0.9603048,0.4624836,-1.1793691,0.17225438,0.6715312,1.5280313,0.887504,0.7608467,0.060085993,0.388312,1.2495049,-1.3327774,-0.34943932,-0.77256876,0.37915313,1.2302222,-0.5969743,-2.3903043,-0.41222075,0.9134737,0.5376299,0.42818624,-0.2799933,-1.2790307,0.5152943,-0.8342818,2.1840968,0.5705072,-0.5806483,-0.6113852,-0.092944205,-0.23950192,1.1168338,0.18641616,-0.73163176,1.8904407,0.04930833,0.76883966,-0.6082265,0.36311564,0.31111,-1.8896493,2.015275,1.2906444,-0.3971953,-1.1022698,0.34756163,0.0866977,0.35566896,0.19157739,0.50624096,1.4473057,0.5681032,-1.0496556,1.3625629,1.6406145,3.1520567,-1.123494,0.24288201,-2.0820987,0.55314916,-0.5482003,1.9234458,-0.774615,-1.689183,-0.47126374,-1.9754878,0.75109947,-2.065083,0.028457582,-2.0778117,-0.3202978,1.6433781,0.3606479,-0.8634936,-0.03120349,0.018016873,0.47263035,-1.3668584,0.59256727,-2.7043917,-0.62988454,-0.48827383,0.6333268,0.022630854,-1.405563,-0.9849931,0.19868001,-0.07906734,-0.5791241,-0.4808338,0.696168,-0.51769257,-0.08809125,2.1699367,-1.4236827,-1.8518428,0.78358966,-0.67864305,-0.3182375,-0.78115636,-0.25980014,1.5985382,0.80212843,0.8622235,-1.4162271,-1.1511537,-2.8390787,-0.8093808,0.9567032,0.5169465,-0.22151326,-0.022300284,-0.68888557,0.20475888,0.76587826,-1.6158868,0.2996477,0.93243486,-0.41510028,0.70070064,2.8146544,4,-1
-0.104342796,0.39330706,-0.7380571,0.18125117,0.46027163,0.19484234,-1.0196953,0.20636177,1.462196,0.44863576,0.9619872,-0.23701197,0.7499002,0.27926785,-0.95091075,0.318521,-0.99169666,-0.6328803,0.18932831,0.29724428,-1.1892325,1.0539857,0.5720063,-0.7047284,-1.5375848,-0.14490458,-0.4459437,0.11314046,-0.36311665,-2.0074568,-0.38834694,-0.30561912,0.63366103,-0.6981997,1.6786747,-1.9116405,1.3111675,-0.22431897,0.85958487,0.079801485,1.1395556,-0.38736197,-1.0986204,1.4205043,-0.11348064,0.22155847,1.2347519,-1.0319552,0.5954909,-0.5898948,-0.13216935,0.07227897,-1.5002218,-0.778837,1.3510729,0.8861912,-0.06263958,0.24312346,-0.2942425,1.3565834,-0.20035258,0.23184209,1.1460302,-0.77737147,1.5587891,-1.5304614,1.6296421,-0.3726756,-0.24269874,-1.8900101,-0.4547947,-1.0398065,-0.60764635,-0.13731097,0.9577916,0.20760335,0.30767664,-1.0955194,-0.8807541,1.798725,-0.73520106,1.6562083,-0.2430612,0.0022879362,1.0703652,1.2718924,-0.11081256,-0.38824305,-0.05592045,0.33795753,0.89130366,0.004229859,0.6188863,1.6383598,0.3813096,0.31165287,-1.5189108,-2.6307302,0.38837573,-0.09482423,-0.51478267,0.2435302,-0.06040373,1.1277802,0.08611087,-0.74692327,0.99016625,-0.21713108,0.5265367,-0.4774107,-0.6498269,0.08416823,0.012828643,0.47982705,-0.26864576,-1.8363597,-0.4327739,0.7938185,-0.29737607,-0.2463834,0.9863765,-0.71197325,-1.5428032,-0.16063112,-0.48417395,-0.9662463,-0.17537846,0.49150565,-0.0092885615,0.3069811,1.8134077,-0.34287885,0.27834862,-0.5092134,-0.8463597,-0.58490765,-0.47875857,0.3594758,2.3490758,-0.7160434,-0.4166253,-0.06312301,0.39579886,0.26355082,1.2840958,-2.426392,-2.38693,-0.49587816,1.0973002,-1.5656481,-3.0076323,0.5711794,0.24365722,-1.0902084,-0.9855396,-0.9697437,0.110535316,-0.6263153,0.4940639,-2.8546267,-0.8568519,-1.1260539,-0.25634068,-0.53804773,0.79784375,-1.8593367,0.045491476,0.55833644,1.8566475,-0.481766,0.3244586,-1.8038628,-2.391956,0.84477437,-0.005560294,1.1785127,-1.3734028,0.5199021,1.8688178,0.4197056,0.2765815,0.008556081,-1.5708815,1.3555729,-0.61085767,0.5044833,-1.5630343,-1.1794597,1.4350874,-0.3473023,1.4532754,-0.07823066,-1.8418977,0.8920676,-0.5898923,0.6986888,0.025210867,-1.5431182,0.16429476,2.1962233,0.49298647,-0.057517752,1.0753434,0.21066846,0.20953423,-1.0916252,0.23384802,1.0354434,-0.83606213,1.4244958,-0.09170602,-0.8877695,0.9976321,-0.28679425,0.75951487,-0.29175863,-0.059826143,0.4935602,0.29089707,-1.9955318,-1.1212437,0.92941,-0.13213658,-0.5237313,-1.358574,-1.0797364,-2.0217986,-0.10128072,-0.5984376,-0.9665879,-0.06812342,0.36397064,2.0931978,-1.5118834,1.159381,0.97310156,-0.7790927,0.20323595,-0.45763326,0.18568859,1.509131,0.60560626,0.5086084,-0.43030933,-1.4840567,-0.20846821,1.2066082,-1.5271678,-1.0550894,0.12626773,-0.9846548,-0.79252344,-0.4235986,2,-1
-1.3656174,-0.97412187,0.7034279,-1.3073698,-1.5978721,-0.63002497,0.7319555,-0.19692181,-0.46458107,0.044358797,-1.7457074,0.49470565,0.38343504,-0.40930846,1.0059245,-1.1274961,1.127909,0.15449366,-0.3365526,-0.019873636,-0.107264765,1.2202829,-1.0766791,-0.76251924,1.0363029,-0.5955349,0.9005331,1.699436,-0.40179503,0.68136233,-1.1536922,0.7547333,0.19942398,0.4730383,-0.64557207,-1.6610835,0.5032521,-2.0634031,-0.3173505,0.94118184,0.19189773,1.9483427,1.0251092,-0.6538984,0.02731338,-0.047370702,-1.5821768,-0.94039893,-0.5607609,-2.0362206,0.04749347,-0.24907185,-1.6728939,0.40421286,0.71587276,0.22703448,-0.3240682,0.59144217,0.68022037,0.30740356,-0.82461226,0.27660078,1.1954807,-0.5966291,2.0979393,-0.52563095,0.03240701,-0.6724856,0.22327083,-1.7422217,-0.5460418,-1.0921212,0.13533835,0.99444735,0.64600617,-2.3716593,2.0420697,0.29527995,-0.77649915,0.15712792,0.17618982,-0.6668487,0.19791667,-0.6074723,-0.404362,-0.6862791,-1.4326713,0.14583647,0.58529943,0.5148836,0.81992525,0.32434022,-0.5327255,0.83966386,-1.3575175,-0.90067136,-0.9642001,1.0800561,0.94278854,0.48730522,1.0719298,-0.8792828,0.3485951,-0.12517443,0.8468821,-0.115224235,-0.3849429,0.5409085,0.87616915,-0.6683452,-0.061075673,-1.0584407,-2.498061,0.20045963,0.6089054,0.2620668,-1.9495617,-0.35084942,-2.2183478,1.3697011,-1.0860546,1.2554036,0.9458696,-0.90059036,-1.132785,0.35037023,-0.84432405,0.10248464,-0.4828276,-1.7811584,-2.230468,0.22668424,-0.56155777,-0.5530898,0.69586384,1.1734422,-0.2725447,-0.3405987,0.50014305,-1.3569356,0.22315305,0.55188596,0.6802302,-1.9367527,-0.7613553,-0.87826324,0.099886954,0.48074457,1.4967104,-0.4949655,-0.4975725,1.149672,0.29657695,1.2676516,0.288728,-1.1571167,-1.3331283,-1.5515122,0.66205186,1.1885968,1.8493621,0.8431053,1.1628386,-0.5800163,-1.1564158,0.85007936,0.41768074,0.107444376,0.38737148,0.32318547,1.2838168,1.2949855,0.5442203,0.84580284,0.5140625,-0.46116972,0.7565647,-1.394495,1.0538915,-1.194523,0.2858033,-0.845154,0.553389,-0.033925224,-1.594756,0.42069963,-0.5779208,0.8811467,0.0013256888,0.395421,-0.95756894,-0.5893322,-0.45863864,0.8567025,1.6773771,-0.8051717,1.0768481,-2.1696775,-1.1941894,-0.95877844,-1.3525087,-1.5835884,0.4129989,-0.2140677,0.3794054,0.69047266,0.26561698,0.6577632,-0.06953228,-1.1869934,1.0578141,-0.5891121,-0.9355963,-0.17791788,-0.9128109,-0.41743037,0.34405392,0.34834173,-0.89783007,-0.48770538,1.074333,0.49640012,2.0750651,1.1801282,1.1442931,-1.3878685,0.76386034,-0.053106803,-0.5509818,0.16801535,0.9452115,0.5008316,-0.8784738,0.74245894,-0.63758755,0.21668312,-0.30335006,-0.21886626,0.766243,-1.0401937,1.9451951,-1.821086,-0.5976677,0.3702119,0.58431417,-0.10047572,-0.057390705,0.4105501,-0.23106948,1.3931812,0.8393491,0.8728244,-0.9661567,4,-1
-0.079388425,-0.30046594,-1.0056014,0.3601642,-0.53764576,0.65540385,-1.0701916,1.7190406,-0.8963327,0.21930234,0.7918593,-0.57064044,0.85246867,-1.2291836,1.4521177,0.014149265,-0.5964114,-0.29918176,0.80891925,-0.5844553,-0.7493577,-0.22153659,-1.1769621,1.8205439,-0.56639457,0.83161676,0.20947008,-0.984534,-0.0059547094,0.7840028,-0.18826133,1.193113,1.0215154,0.91891485,-0.45965677,-1.0798424,-0.6135876,0.19624095,0.54578674,-2.1715715,-0.008113202,0.15808922,-0.27754426,1.2912738,0.42178008,1.3101919,-0.21596052,0.93747747,1.6350664,1.3116934,-1.0921416,-0.2536761,-0.34516472,0.48925453,0.68635356,-0.8388927,0.06783851,-2.0199273,1.441945,-0.5123742,0.05586394,-0.3096497,1.1460276,-2.8375065,-0.016610343,-0.105818756,-0.45363638,1.7262266,-0.88732946,0.77179617,0.3562528,1.2615192,-0.66718906,-0.7329689,1.0960699,0.4253213,-1.5449374,-0.53930503,0.38638264,0.8377642,-0.67923063,-2.914256,0.52322316,-1.2203207,-2.0173388,-2.832326,0.8139809,0.12861745,-0.22565638,1.3890244,0.6373247,1.6163,-1.3927355,-0.034550622,-1.6167134,-0.22938234,-0.24861586,0.6266136,0.04556388,0.6234071,0.7034401,2.1549287,-0.31529665,-0.9410227,0.24608362,-0.80228,1.4819608,-0.28321803,-0.5655764,-0.4713157,0.7184174,-0.15774699,-0.6416668,1.6653519,-0.8561698,0.035566073,0.65230614,-1.6313351,0.4802605,-1.0551077,0.82278275,-0.962651,0.69276905,1.105833,0.86143655,0.25131664,-0.23130095,-0.5764196,1.4710346,-0.6994952,-1.0370661,0.6653689,-0.7961368,-0.9500635,-1.4436042,-0.48290983,-0.08271503,0.24309173,0.9513062,0.5268979,-0.19087222,-0.19819568,0.51015747,1.2725701,0.1263142,-0.46913084,-0.992866,-1.4452052,0.66626966,0.57797855,0.57736355,-0.12865944,1.4069347,-0.4841185,0.9552692,-0.038742896,-0.60835075,0.5925303,0.4096361,0.35697275,0.08127842,-0.037893083,2.388372,1.1842567,0.7228269,0.11179916,1.0071572,0.51799476,0.026204754,-0.30356434,-0.080917336,-3.1704257,0.21060084,-0.48847607,1.59267,0.01934407,-1.1889634,-0.049880154,-1.0461211,0.47340742,0.29094738,0.9578396,-0.7908818,0.034008097,-1.3650218,0.70149475,0.5188712,0.49580503,0.0016190313,0.4147729,1.6043391,-0.28509426,0.13864519,-1.0861263,-0.868261,0.09781329,1.1039336,-0.2562808,-0.23591653,-0.40688524,-0.53475666,0.29497147,-1.4972576,1.2809396,-0.6654223,0.7219035,-1.2699986,0.6688401,0.6719446,0.38420206,-0.9944285,0.2495482,-1.1830562,-0.25276324,1.0294131,0.7967019,0.015182942,-0.97480655,0.6455877,0.019381238,-2.3203156,0.78262985,-0.024232835,1.2024512,-1.0952705,-3.176704,0.27908385,0.2915637,-1.6906717,-0.97849953,2.7552178,-0.30561063,0.730959,-0.6506598,-2.090303,-0.17025825,-0.26560456,-0.39987823,-0.11464083,0.26426828,-0.15011695,-1.2640061,0.4861848,-1.9493718,-2.0503573,0.7391805,0.5070203,-0.057395365,-1.3954484,-0.70791095,-0.26274675,-1.595894,-0.73902863,5,-1
0.65233034,1.4273053,-0.41943476,0.7564884,-1.9140601,0.65945125,-0.8039484,0.30734563,-0.24775241,1.3204141,-0.87443566,0.6276063,-0.27950746,-0.15830548,-0.1838539,-0.8456731,-0.014098966,-0.06264822,0.24124025,0.08450515,0.79799455,0.92350864,-1.0506233,0.8687725,-1.1863364,0.5878559,0.61973876,-1.9113169,0.092979245,-0.4684961,-0.7587653,1.3508524,-0.65367913,-0.80637693,0.07569494,0.68558973,-0.14164859,1.1663705,0.53097564,-2.1782112,-0.529467,-0.5618421,0.47936097,-2.6248171,2.5490098,0.53102607,0.1488768,1.1815677,2.3436542,0.8707467,0.9488131,0.13069002,-0.14152576,-0.47579545,-0.826112,-0.6870141,-1.350556,-0.07587145,-1.6846676,0.19091652,-0.036330607,0.1469353,-0.52213156,3.0768604,1.3601159,-1.2445425,0.23286809,-0.6080061,-1.0144798,-1.340072,0.4322167,-0.6813802,0.967826,0.9937822,1.3739144,-0.8523868,0.4753656,0.6324542,-0.47417817,-0.77177197,1.6095207,0.22749588,0.63596773,-0.822076,-1.2192844,-0.5694498,-0.12402139,-1.06422,-0.009844809,-1.6885052,-1.1200475,0.67091125,0.6037905,-0.39187676,-1.0177643,-1.0274036,-0.37326825,0.6445185,0.92824566,-0.49653172,-1.1534925,0.26784363,-0.82353497,-0.5182526,1.3252761,0.8271154,0.15797432,-1.271919,0.21139656,1.0626572,-0.37563366,1.351114,1.2927452,1.6637329,0.30524313,0.5873917,1.4141873,0.44739392,-0.5012341,-0.44854283,0.23855495,-1.2905614,-0.14325891,1.0965471,-2.191254,1.5344821,1.1223742,-0.45976463,0.5433908,0.0031477269,1.2299904,0.9826831,-1.4000707,0.5872624,-0.20562786,0.08283257,-0.7281719,1.7481371,1.0400618,-0.7397712,-1.3346106,-0.38567263,0.43450263,0.24020584,1.2531328,0.78991973,0.969569,0.3268554,-1.3892987,-0.19569853,1.0600897,-0.05152293,0.5030904,-0.31874833,-1.0298119,-0.123344064,0.30904743,-0.6556877,-0.23571125,-0.93946326,1.1192449,-0.29445577,1.4527556,1.5287478,-0.08104596,-1.0084487,-2.085898,-1.4720371,-1.3738348,1.3784696,0.11582459,0.38960454,-2.220421,-1.1979665,0.8870798,0.2867741,-0.14720528,0.56484234,1.6357979,-0.22104247,0.0693698,0.19259691,2.3921096,-2.0993562,0.683223,-0.11480225,0.56677175,-0.65737253,-0.04896503,0.7114106,3.1129103,0.8080362,-0.8480656,-0.42375967,-0.4534141,-1.7956432,-0.3300902,0.7328291,-1.2742321,1.0484827,0.48777482,-0.7342333,-0.14152963,1.5983218,0.7335478,0.008783655,-0.23768331,0.07660907,-0.5117636,-2.1047494,2.042178,0.155325,0.39814726,-0.05790775,-0.7351168,-0.18592449,-1.5993948,2.2770865,-1.234512,-1.0319663,-0.44025922,1.2880757,0.014508999,-1.2361358,1.2543384,0.7310006,0.538435,0.71573424,2.394362,2.1850948,-0.68671536,1.623885,0.3831682,0.49909583,-1.6922709,-0.17038576,-0.8128236,0.82805884,1.0710804,-2.0744863,-0.022034865,1.1218615,-0.18667896,0.72906363,0.35116547,0.34166023,-0.27131498,-1.2165807,-1.1215302,0.7093525,0.019458255,-0.13851224,-0.42389005,0,-1
-0.30518883,1.0469118,-0.3352441,-1.3410647,0.74365175,-0.20487666,0.031395864,1.6075783,-0.020560557,0.28918368,-1.1789235,-0.21966945,0.60952604,-1.5553738,0.20084509,0.100791074,0.041287456,1.0371588,0.3344385,1.4780719,-0.9935895,0.13592456,0.084466785,-1.0692545,0.956295,2.3246734,-0.017006075,0.5050211,0.08451848,-0.71358466,-1.8207603,-0.7057735,-1.3919584,1.704102,-0.1151097,-0.34591934,0.88915384,-1.1217511,-0.76686406,0.06807227,1.028769,0.501685,0.24832514,0.078117736,0.40023586,0.2016529,-1.0299723,0.046079222,-1.0736886,0.081082545,-0.48064795,2.5393815,-0.039894383,-1.4042395,-0.13418022,0.51935875,1.6733639,-0.5894524,-1.582428,0.816837,-1.3805987,-0.43615544,-0.25762048,-0.069633454,0.68916446,-0.6836343,-0.27372926,-0.014270353,0.14959796,0.097827174,0.43600577,0.8438395,0.39263412,0.45358554,-1.5822232,0.050227698,0.47950754,0.7289412,-0.69235075,-0.65903926,-0.5741007,0.5364139,1.0338811,-0.4074601,0.9079623,0.123479806,-0.12428578,-0.21138424,0.74661136,0.32557783,2.2758255,-0.85222465,0.5181017,-0.52920103,-0.869287,-0.010867137,0.13735248,2.9181736,-0.18414582,-1.1301787,0.27301073,-2.07464,-0.09195678,0.016025282,0.79460037,0.97362226,-0.5035696,-0.15061401,-0.76612085,-1.1280626,0.30989477,-1.2735856,-0.4146269,-0.99517393,0.5496832,1.8014301,-1.3015879,-1.8530185,-0.124886885,0.015697796,0.21865931,-0.4463205,-0.2006393,0.3675104,1.0404309,-1.9550488,-0.36893943,0.21380879,-0.9179761,1.7311696,-0.6354099,-0.041292686,0.5560221,-0.5912848,-1.846573,-0.42865452,1.0294405,-0.33689514,-0.8464343,0.92567223,-0.3307749,-0.5101608,0.14945608,0.7707502,2.3817136,0.8272361,1.15984,-0.5059662,-1.025868,0.06233135,0.10716992,-1.0785128,-0.17529453,0.3993176,0.3603934,0.50428784,0.29096472,-0.5070087,-0.51390064,-1.1989514,1.784775,0.013450365,-0.22485305,-0.92879206,2.935658,-1.073328,-0.42884794,0.41583684,0.600213,0.95793205,1.8076085,0.50615764,-1.0560308,-0.25694513,0.30783236,2.068226,-1.3978055,1.2025765,0.17991437,0.83783054,-0.101994716,-0.8424326,0.7508728,0.65443105,0.972057,-0.013304635,-0.59982204,-1.558787,0.81937325,0.4238895,-0.96578264,-0.5385737,-0.46675882,-1.4829844,-0.8176824,-1.1338303,-0.412479,-0.73869747,-1.6270049,2.0225902,1.2525407,-0.7790194,0.2724214,0.4174651,1.1910858,-0.818605,1.0921068,-0.5479053,-1.3358624,0.72413653,1.2907584,2.587909,-1.1997253,0.6989197,-0.40980124,0.7833587,-1.4704895,-1.2627698,-0.7758748,0.07896405,-0.6410813,0.65905434,1.0268946,0.59957755,1.6187876,0.41582662,-1.2168967,1.3633765,-0.60515624,0.9104185,1.5737342,0.45668802,-1.4961588,-0.9182122,1.3227445,-0.16912268,0.079573534,0.7588244,0.69632286,0.2787998,-0.20866837,-0.31266844,0.85789883,0.55356956,-0.2573,1.0821123,-0.12903412,-0.85166216,-0.7589707,-0.9787408,-0.27241,1.2337242,-0.8050952,4,-1
0.18847576,-0.65668935,-0.26030904,-1.5100412,-0.22053823,-0.19370538,0.540288,0.2232809,-1.1983922,1.0841982,0.21030304,0.19839352,-0.0091823535,-0.5177575,0.21780235,0.47558844,-1.7468957,-0.53876084,-0.25494698,0.2561706,1.193311,-0.7717408,-0.49796185,-0.5125341,-0.8015276,-0.3471865,0.7708022,-1.0538355,0.4278144,-1.7019023,-0.561338,-0.3294893,1.6748596,-0.2748023,-2.2012434,-1.9988889,0.034029588,0.61377084,0.37545586,0.1675701,1.1622596,-0.5395912,0.8949106,-1.6320149,-0.9049478,-1.8070414,-0.2748453,-0.046261217,0.11410149,0.061883353,-0.92755336,-0.19024085,-1.4974467,1.3632289,-0.30362606,-0.48888612,1.5889404,-1.2422465,-1.1255871,-1.0962204,-0.067871384,0.43163162,0.73967546,2.5719953,-2.2494326,0.60873556,-0.5571306,-0.5864152,-0.61977214,-0.90876967,1.6845249,0.8422973,0.023195978,1.3510158,-1.512529,-1.3307052,-2.1779678,-0.69941455,0.16169852,0.10285858,0.14934191,-1.4110569,0.80315477,0.23962753,0.7330543,-1.8927622,0.31149086,-1.1877652,-0.39732325,0.5343649,0.09109361,-0.85153997,0.006273156,-1.5315353,1.1502674,-0.20528401,1.11855,-0.5265317,-0.52357596,-0.7641868,0.8761739,-0.7094312,0.64459544,-0.3824524,-1.9759634,-0.57031405,-1.1791083,0.033902723,-1.1904078,0.9259751,-0.09107586,-0.17759599,0.65589213,0.96390694,-0.020098751,-0.7712003,-1.7739697,-0.68604976,-0.61721224,0.10705745,-0.3451469,0.68793297,-0.6129833,-0.05704117,1.1839875,0.34182522,-0.060037542,-0.60194445,-0.6332314,-0.85061324,-0.54100686,0.75566584,-0.22188827,-1.349773,1.7681693,0.31996518,-1.4069434,-0.44184893,0.11088638,1.7045921,-1.1081125,0.9760407,1.3994864,-0.6286543,-0.27751362,-1.0363092,-0.20346114,-0.036589973,0.65965,1.0901835,-0.74809605,-1.9673251,-0.02124478,0.29353753,0.24941769,-0.32667324,0.1247521,1.5154448,0.38173416,-0.3733684,-0.5001978,-0.16985236,1.63674,-0.1833007,-0.019794345,-0.48231357,1.0989834,1.9598372,0.45061305,0.0827729,0.036782835,-2.384307,0.74515086,0.13416642,0.42834204,-0.7114622,-0.38445687,-0.41102493,1.021623,-0.37875983,2.0826604,0.43086243,-1.2756827,-0.1285463,-0.6516751,-2.1943824,1.599471,0.7031425,0.5332073,0.16540366,-1.3820176,-0.48361713,0.8417808,-1.05122,-2.5317693,-0.227106,-0.14175755,0.13556342,0.72851866,0.6376058,0.2587698,1.1955314,-1.5189698,0.5045818,0.62653834,-1.2395623,-1.5028706,-0.7459421,-0.66154146,0.75341946,-0.6145388,-0.8563485,-0.6116337,1.1186323,0.013043375,-0.17925103,-0.1100055,1.2920604,-0.74917173,1.3155082,0.21049629,-0.16041937,2.5009005,-1.0556395,-0.35368577,-1.2324313,0.95246196,1.689189,1.6699228,1.2239487,-0.19762047,-0.365241,-1.6711698,2.0358737,0.46897808,-0.49195692,1.3280569,-0.9727645,0.40662202,-0.17262913,0.6386771,-0.06357354,-1.4509279,0.07557637,1.0488641,-0.029216405,0.77511513,-1.0455295,-0.026260793,-0.62451047,0.74698085,0.031491563,0.69007367,4,-1
1.0877104,0.69161856,0.27311844,-0.9982123,-0.0027861106,-0.5330904,-0.34406397,-0.37453416,-0.9799256,-1.9573386,-0.66814303,0.19337945,-1.3481771,0.015682237,1.9002684,1.0230565,1.6435415,0.39112788,1.1675098,-0.72396475,-0.6443403,-2.7391403,1.1861454,1.540324,-0.55317724,-0.2539517,-0.75386214,0.38265356,1.1249325,-1.742772,0.40943852,-0.27667177,0.113394395,0.458994,-0.18820244,-0.10358685,-0.21387517,0.97031623,0.41875997,0.22058354,-1.2709517,-0.37857974,0.8986692,0.037696574,0.6595315,1.7665118,1.038606,0.093158334,-0.5109892,-2.5535495,-0.16838492,-0.3260125,0.3903662,-0.15390523,-0.32038507,-1.7793989,-0.9399678,0.47665104,1.7159076,-0.09752538,0.32781106,0.9524782,-0.81089395,0.36681405,-0.7404901,0.8648244,0.15140305,0.2984518,-0.7825986,0.7070324,2.084713,-1.0079117,-0.33975902,0.23160747,0.7864062,-0.5595463,-2.8330302,1.3591895,0.7605061,-1.7429476,-0.6075688,1.5681825,1.4477965,0.93864,-0.17611243,0.08298742,-0.1309258,1.1282398,-0.8758424,-0.80579966,1.0102745,-0.044361457,1.3784673,-0.6715122,-0.05477836,-0.922413,0.0073626814,-1.478547,-0.4876334,-1.4362539,0.69392323,0.71658933,-1.7302628,1.3338858,2.497415,0.046006385,-0.64111423,2.8243306,-1.3189685,0.020106466,0.17962228,1.3451476,0.35973898,-0.4986339,-0.9511844,-0.34182182,-1.0069274,0.04782532,-0.56419617,-1.4940377,1.2551458,-0.49767253,-1.2681369,-0.16825913,0.068371564,-1.7464668,0.33164766,-1.0471575,1.7110288,0.52396053,-0.3999,-0.7451678,-0.104967706,0.61279076,-0.025494128,-0.21715881,0.058370292,-0.60385895,-0.34320593,-2.0857925,0.9737262,0.2987978,-0.77345586,1.8987349,0.08701648,-1.0361435,0.85673743,0.39804822,0.39457998,-0.4257556,0.45049572,-0.2617583,0.55594146,-1.9049444,-0.43387347,1.7221551,-0.76706743,-0.6038383,-0.44796133,-1.2148061,-2.2082808,-0.2305864,0.13585943,-0.05250507,-0.14487857,0.04304087,1.0228415,-0.19044618,-0.57408255,-0.2811255,0.5793468,1.4120269,-0.6281437,0.098933786,0.33835745,-0.992578,0.020417167,-1.4656738,-1.7690504,0.3667464,-0.38387474,0.2022804,-0.017894978,-0.9764001,-0.0452543,-1.2331012,1.3909724,-1.3559704,-0.19578527,-1.0422716,0.57042116,-0.33143136,-0.51866674,0.85320157,0.029430592,0.5166444,-0.9813259,-1.404817,0.10720796,-0.31884634,0.6264347,-0.07990845,0.20507534,-1.6233826,1.8884369,-0.16424198,0.69758695,-0.8360917,0.3080099,-1.3028448,0.45206785,-0.35597408,0.029190503,0.697974,-1.2325404,-0.68449175,0.45732427,2.0982215,-0.13808234,0.5911361,-0.10697147,1.9422456,-1.7472217,0.09462105,-1.6255441,-2.5065715,0.29746205,0.1394978,-0.28483695,-0.10619409,3.0982995,-0.25817513,0.5101244,-0.6493648,0.29523256,-0.23823367,-0.4105185,1.8188986,1.1771849,0.13674664,-2.3042119,-0.3610092,2.7030275,-0.23066166,1.1032176,1.4419425,0.21896392,-0.8418216,-2.4353123,0.6841632,-0.814756,0.17615046,-1.2498204,4,-1
-0.26523754,0.033719055,0.26859358,-1.1148221,1.196911,-0.5968948,-1.6744695,-0.10902342,0.03437531,0.16058943,1.3621324,-0.23644884,-0.11961962,-1.1031843,0.8205535,0.18430907,-0.42002773,-1.9046746,1.4444122,-1.22768,-0.591278,0.35834453,-1.1965579,-1.4935098,-2.1239476,0.720997,-0.5451862,2.9272702,-0.9943551,-0.92145103,-0.565393,0.24313466,-0.47020334,0.6123322,-0.9785884,-1.3815917,-1.7982148,-2.2235742,-0.518069,-0.3009803,-0.631437,1.2434058,1.2280302,-0.334803,-1.7939211,-0.5667051,-0.5998214,-0.65713495,-0.6977189,-0.6534629,-0.3865416,-0.6355411,0.20832251,0.36036873,-0.91064507,1.2710654,-0.9800623,-1.6178006,0.38077807,-0.81740814,0.32129148,-2.4036686,1.3924559,0.6722934,-1.5004766,-1.4787772,1.6722659,-0.7373799,-0.8341848,-2.266052,-0.3507782,-0.22771962,0.7154931,-1.3990784,-1.5202868,0.45096263,1.0067301,-1.5711523,1.0815141,0.03754184,1.0918053,-0.07022036,-2.5222778,-0.15196738,1.0601438,-0.893746,-0.38796496,-0.1761335,-2.899514,1.6713476,-0.90137565,0.50573546,-0.08670114,1.257619,0.40605614,-0.23492427,-0.8935151,0.7978507,-1.8734413,0.6458904,-1.0990448,1.2522837,0.16129954,0.6441238,0.08198881,-1.7523772,-0.86072916,0.6723893,0.16665582,1.1809899,0.40327457,-0.96670187,-0.79606414,0.10291739,-2.314044,1.6734419,0.44174674,1.2270346,-1.580604,1.2445651,2.231499,-1.3208784,0.7714018,0.0011099447,-1.5444338,0.49288398,0.8336032,-0.60112655,1.1659166,-1.6667634,-1.4947561,0.1365974,0.025385277,-0.7165735,0.80959445,0.53089434,0.8581391,-0.12313644,0.60258025,-0.4456503,2.0538187,-0.8125458,2.1052973,0.034887947,-1.3755109,1.3680793,0.12590139,0.8511241,1.223856,0.33795556,-0.59224087,0.9757134,0.00075550744,0.68585783,-2.1537306,0.44698173,-0.6385858,1.6533096,0.62308735,0.23985775,0.48631,-0.99844086,1.6232567,1.9913704,0.39291352,1.5904036,-0.5691482,-0.79711354,0.04092475,0.43494102,-0.39398667,0.5377682,0.30638948,-0.99830675,0.51879305,0.86352825,0.17146932,1.1526481,-1.2174038,0.46795043,-1.1702807,-1.1140814,-0.63093084,-0.9420602,-0.5479958,-0.21415031,0.8371545,-0.32115903,-1.5856256,1.1400678,-0.83709013,-0.05872043,0.4465365,0.19961041,1.0941795,0.47900313,-0.8613096,2.1785622,0.19433346,-0.14734022,0.9639254,0.24945095,0.3992282,2.492184,-0.27512142,-0.31776088,0.11657851,1.0715159,-1.506534,-1.9655559,-0.5871153,-1.6339229,-0.42483136,0.5024997,-0.89074886,-1.4268266,0.06933716,0.86254346,-1.6949735,0.8202324,0.8173062,0.9540851,1.2184802,2.202014,-0.35609204,0.10957158,-0.41643843,0.0019768449,1.5328734,-1.3450145,-0.86104965,1.3771809,1.0200365,-0.36313164,0.854402,0.34121585,1.5002747,0.07450959,1.0256321,2.642012,0.5980992,0.049328167,0.722447,-0.36528087,2.3879676,0.18007104,-0.27293333,-0.835689,1.0972202,0.86718744,-0.49735436,0.57645136,-1.508556,1,-1
0.18497057,0.45275635,1.7073298,-0.7708188,-1.2783526,-0.89542794,-1.3365685,1.3366574,1.5486393,0.32021657,1.221295,0.13395838,-0.095111646,-0.3330376,-0.31039098,-1.5478016,0.26425475,-0.04033391,0.74536073,0.093523495,-0.16270371,-0.87119305,0.07215324,0.7382372,-1.143339,0.08747375,0.23304296,-0.7180648,-0.5878563,0.23061085,-1.1334211,0.34992373,-0.8953544,1.0628537,2.3378277,-0.8607568,0.5342079,-0.7267419,1.0409542,-1.2652584,0.48058677,-0.87298894,-0.2069846,-1.0310253,0.82235044,-0.83698034,0.5519643,-0.34409803,-0.114472374,0.1477559,-0.76182467,0.21036711,1.5303346,-0.77809477,1.1718102,1.4980977,-0.816155,-1.4550546,0.3019609,-0.5474075,1.8686032,0.03480754,-0.8021994,-1.1471595,1.0899049,-0.571184,0.0438288,0.95580274,-0.48425835,-0.04592883,-0.01656841,0.6833245,0.5907443,-0.22011372,0.06364906,-0.37177902,-1.4776124,0.25760084,1.8921918,-0.88371915,-0.7730297,-0.8707278,0.7245918,0.44848546,-0.15853769,-0.91801906,0.09237679,-1.5646222,0.14342657,0.8715244,-1.2511991,-1.5325183,1.5794379,-0.61175966,1.1359478,-0.15399766,-0.16195482,0.4384127,-0.8839989,0.13249715,-0.38148943,-1.3204935,0.33748206,-0.2633078,-0.15702483,-1.210161,1.5914004,0.87671417,0.9641559,-0.3054447,-1.7291828,1.9529173,-0.061097506,-0.7487998,0.41680157,1.1671208,-0.023050556,1.2785752,1.083,-1.0763812,-0.6737901,0.9575372,-2.7126126,-0.1494557,-1.4308312,-0.4765538,-0.29882008,-0.3582444,-0.55226123,-1.0971437,2.2919114,1.867462,-1.1620659,1.5821167,-0.3994655,0.12918748,-0.06327396,-0.6597486,0.9838523,0.12588653,-0.4765514,-1.3045894,-0.89359504,-1.6413801,0.012223548,-1.1966656,-0.2655605,1.3701018,1.1992996,-0.032276895,-0.087084725,1.8798746,0.5207561,-0.32780647,-1.4260181,0.3938732,0.82932377,-0.6316515,0.29120275,-0.36357328,-0.1840324,-2.487822,-0.2217814,0.9693693,-0.63140255,0.05252637,-0.7559507,0.36044168,-0.2165232,-0.9392415,1.3325515,0.928932,-0.60490674,0.4977883,0.537412,0.64230126,-1.694256,1.0066066,-0.569699,-0.35782793,2.6378818,0.3018734,-0.38632247,-2.2052944,1.3897642,-1.3452097,-1.003439,-0.3313523,1.4164118,0.77324,-0.15783751,0.30829206,-0.60038567,0.13965368,0.07333674,0.9687699,0.9671781,0.49397737,-0.36234754,0.7418223,-0.09196847,-1.0819144,-0.4032878,0.084526986,0.9102158,-0.18352817,-1.2091987,0.056741685,0.11345604,0.18583763,0.9198715,1.0189233,-0.59421086,-0.61614347,-1.0401987,0.69881564,1.4488201,-0.31508192,-0.24143057,1.4667826,0.50555784,0.4362357,-1.1909165,0.67872804,-0.92913634,-1.1340202,-0.34677157,-0.5857927,-0.2215997,-1.4409816,0.9588163,1.1276863,-1.9473425,0.9784578,-0.81052864,0.85697556,-0.068446495,0.028775563,-0.18509765,1.2121292,-1.239588,0.60784036,1.1013302,0.71634007,2.324699,-0.52894676,0.95730484,-0.106090635,1.2334061,-0.007688996,-0.3878758,1.3060722,-0.49156195,1,-1
-1.4127258,-0.5168469,0.6190329,1.3920387,0.11112937,1.318197,-1.3581749,-0.44326347,-0.2885751,-0.11455943,0.08409439,0.69091094,-0.44480684,0.13902868,-0.04512289,-0.9258899,-0.11366669,-0.14365953,-0.16508056,0.031759456,0.07567354,-0.43229517,1.2727147,-1.1694807,-0.7209701,2.7799637,-1.0379914,-1.3537546,0.73447675,-2.0771198,-0.23527391,2.145825,-1.544936,-1.9819645,-1.4991812,0.8983596,1.1247767,-0.5125888,0.6832124,1.3902553,1.7873464,-0.24633528,-2.3014717,-0.8208789,-0.42680418,-0.2589388,-0.1878594,1.1188946,1.2744284,-0.17167366,1.0984849,0.35766137,0.06450597,0.90654415,0.07225205,2.0578113,-1.4384111,-0.5151709,-0.12651889,0.43945268,1.2679604,-0.024398567,-1.4222296,0.8425139,0.75495875,-1.9418586,-0.0038041337,-1.5901418,-0.6646511,-0.9028089,0.8092647,0.11683018,-1.285591,0.880066,-1.4338058,0.3301138,-0.8140107,-0.3656771,0.50427073,0.5214494,1.336969,-0.0822537,0.30645087,-0.43773732,0.18198988,0.43948606,-0.098309845,-1.8037505,0.3314709,0.36456147,-0.68017346,-1.284387,1.4758792,0.4914455,-0.22908103,-1.1370329,-0.82181484,1.3025904,0.13766193,-0.55058706,0.5096892,-0.81439817,1.500843,1.3528005,-0.46657407,-0.6286703,-2.6181333,-1.4815807,-1.3394698,0.13519034,-0.3262337,-1.3453355,-0.28116405,0.5053371,0.52783936,-1.8996702,-0.12826347,-1.3833408,0.9017287,0.7841464,-0.89802724,-0.7660452,-0.46126705,-2.2527933,0.33596817,-0.27284455,0.9701751,-1.0984092,-0.6191229,-1.5065253,-1.0042906,-1.181982,0.9959737,-0.69826186,0.12417568,-0.3807634,-1.2694652,-0.16830042,0.59910333,-1.2077594,0.8091128,-0.8497209,-0.48298392,0.5306831,-0.6634362,0.037574857,-0.31469083,0.129368,-2.3807392,-1.8296819,0.61596704,1.0371814,-0.9104867,-0.24402834,0.29471925,0.6932176,-2.0276773,-0.8860403,-0.33257937,0.7031402,2.4984305,-0.22800572,-1.4069774,0.40226808,1.3209958,0.10801412,-0.9066485,0.9579939,0.6635456,-1.0260808,0.38142562,0.9972656,1.18189,-0.06644897,-0.35807943,1.2272738,-1.2101605,0.4385793,-1.3700266,1.0653763,-0.25804552,1.2685832,0.49141276,-1.2232202,1.4246278,1.5512452,0.8822865,-0.76158786,-0.30601394,0.14542721,-0.7037104,1.6923466,0.14432648,-2.7033482,0.33935583,-0.3481574,-0.074926555,-0.36861935,0.8070464,1.1196878,0.28305316,-0.33931118,-0.041337203,0.019599617,-0.80243003,0.57892865,0.46004233,1.5404413,1.2553498,-0.6856749,0.8202984,-0.95095336,0.6959321,-0.5166142,-1.0232532,0.28004533,-2.6745672,-1.7509756,-0.17749189,0.08244177,-0.36931878,-1.5794363,-0.81789184,0.39120933,0.58178174,-0.016223118,1.1568338,0.397397,-0.74745566,-0.28050205,-1.4028661,-0.10813899,1.1121006,0.6852901,1.4020094,-0.30288523,1.3460999,-0.19330423,1.471585,-0.021856748,0.7072314,1.4751123,-0.19342762,0.21838899,1.2888634,-0.13300316,-1.3208923,2.143007,-0.46976447,0.15875605,1.1560067,-0.6084939,-1.0078679,3,-1
0.2537373,-1.7930764,-0.28790608,0.24503866,-0.2699519,-1.543451,1.594178,0.103538156,1.4311521,-0.26003626,-0.880012,0.26918092,-0.21578713,-1.1777614,1.4697843,-0.6222702,-1.8402663,1.328166,-0.50429803,-0.6078239,-1.7653875,1.7409415,-1.2894806,0.05844948,0.9126203,0.42171693,-0.05965431,-1.7016659,-0.8097248,0.18780033,-0.78717405,0.20335945,0.6817434,0.9625029,-1.2261794,2.196646,0.76747936,-0.0017141537,1.0895365,2.3654077,-1.4387201,-0.22526264,-2.3784316,0.19265154,0.36539423,-0.039162114,-0.65453357,-2.0495145,0.3735337,1.4554344,-0.59101844,0.44005993,-1.5681443,0.45721307,-0.3933823,-0.762418,-0.76036364,-0.39361158,0.38243333,-1.3121632,-0.39711532,-0.04147178,-1.0990392,1.7966652,-0.8534955,-0.66943693,-0.97830796,1.79848,0.5529052,-0.936592,1.1062316,0.20069869,0.2572534,-0.3444772,-0.749416,0.3377661,-0.5450872,1.8167557,-1.2692912,1.5361568,-0.11131885,0.29908574,0.8331578,-0.6302493,0.8642484,-2.7075438,-0.71998954,-0.9240628,-1.2535061,-0.21495484,0.38574997,0.70266,0.24087676,-0.66569346,0.36901644,0.1242857,0.9360562,0.7769367,0.030476414,-0.897253,-0.65295017,-0.54978937,-0.31526634,0.26805043,0.7151744,-0.051118694,0.016124789,0.1433063,-0.5159053,-0.92539227,-1.7554379,-0.69514936,0.47314546,-0.70291144,-0.23780704,0.4664313,0.5206895,-1.0795329,0.99705935,1.1273501,-1.1298499,-0.82383686,1.1910907,-0.14685352,-2.219778,-1.3996814,-0.24936962,-1.1630427,-0.41342378,0.032396212,1.4622546,-0.2904539,1.0725418,1.4287602,1.4343097,0.2847546,-1.9632891,0.46082488,1.0483999,-0.08106711,1.7445838,0.85983354,0.56827337,1.0863807,0.33336985,-2.4928105,-0.49913895,1.197168,-0.8075913,-0.2234725,-1.0448363,1.7839226,1.6814924,-0.8838689,0.147298,-0.68049407,0.61494464,0.5096831,0.8117056,0.33191845,2.9354062,-1.0279238,-1.7106034,-0.3930902,-1.5679883,-1.4924623,-1.0013146,-0.9221889,-0.9546181,0.51821893,-0.50618905,-0.17951457,0.89423275,-0.76632255,-0.2645459,0.36576,-1.9415678,-2.3849056,0.34611732,0.4920143,2.0642202,0.15809488,0.8197397,-0.19547264,0.29722723,1.6672568,-2.123993,0.41361627,2.1355867,0.28203422,1.650573,-0.62921214,-0.032047495,0.033524703,-2.217591,-1.1681778,-1.0968751,0.82206607,0.8721531,0.32403645,0.8241029,-0.16414942,1.2019317,0.008788442,0.057864048,-0.26559263,0.6844505,-0.42119882,0.97643137,-1.1321491,-1.0989163,0.68742675,-0.08854421,-0.45389143,0.89005774,-0.6072614,-0.20020126,1.399228,1.5391424,1.5723982,-0.28212577,1.2307029,-0.94895285,-0.90690285,-2.3504558,1.6728683,-0.8639799,-0.12653258,-0.91032434,0.6951653,-0.37563366,-1.3048168,0.44166255,-1.43373,-0.83740574,-2.106889,-1.4239581,0.17852917,-1.9645361,-1.4811457,-0.002368916,-0.5436069,1.9920366,1.8338965,-0.8679225,0.5571376,0.74928254,-0.59747887,-1.4955416,-0.012298449,-0.17284568,-0.4357645,0.44231686,0,-1
-0.7507296,-1.1519976,0.10908297,0.3859701,-1.1766449,0.92809063,-1.7704811,-0.57811344,-0.25800854,-0.63622373,-0.5650605,1.8710744,-0.8508841,2.4412217,0.4371268,0.092055134,0.47624037,2.5299277,-0.993593,-1.120418,-0.7548662,0.032143146,-1.7257711,0.02233924,1.6935471,0.15140739,-0.29268545,-0.6181604,0.8985117,-0.8258328,1.846396,1.9333597,0.2567508,-0.011515088,1.0306598,1.0947984,-0.8059917,-0.5265551,-1.3223474,0.40906495,0.6666279,-1.3499256,-0.4551989,-1.3472539,-0.89879984,0.55101705,-0.73348206,-0.30082595,-1.6273117,0.18699022,-0.04427332,-0.72895926,-0.1890143,0.18029489,-0.81486815,-1.4762626,1.8055744,-0.6332727,-0.0967601,1.0108397,3.529055,-1.2444865,0.44982722,-0.7075523,-0.5387903,-0.72021204,-1.1256549,-0.041291364,-1.4745027,0.94680756,0.055002935,0.422435,-0.4661886,-0.36720392,0.28756392,-1.1640506,-0.35799044,-0.85961354,-0.8905688,-2.1098382,1.3393266,-0.68653876,1.1633761,1.0687923,-1.2859997,-1.0884112,2.560503,1.7509259,-0.03151851,0.2573731,-0.6308464,0.43235272,-0.7171819,-2.0323539,-1.3215557,0.021092748,-1.1310673,-0.06727746,-1.074661,-0.78235394,0.8531653,0.24748054,-0.009664421,0.87896395,0.48060858,1.4465632,-0.45985925,-0.429635,-1.3011093,-0.4289807,0.9647699,1.2999873,0.96030515,-1.7941918,1.0831453,-1.8385186,0.8981173,-0.36778453,0.7025333,-1.3324484,1.1711676,-1.4649748,-0.6684549,-0.9980946,-1.7542849,0.094527565,1.8060892,2.6669052,0.09715579,1.1166812,0.23209463,0.4988832,-0.34214866,0.19507693,0.5374787,-0.57845974,-0.0774943,-0.05843012,0.8264033,-1.0660322,-0.051542208,1.9120054,1.1640601,1.349179,0.02443184,0.32099757,1.0022361,1.5602555,-1.9516029,-1.3154413,1.3094441,-0.27688935,-0.6717208,-1.254161,-0.5550167,-1.4023693,2.0910943,-0.022436053,-0.05795054,0.58807665,0.9623452,0.94588816,1.073622,-0.63084555,-0.2978668,0.76903164,-0.52738905,-0.005106632,0.39876378,0.7851851,-1.777681,0.71474564,-0.23372406,0.7074577,0.7769317,1.607915,1.3534536,1.3465717,1.4436703,0.29137897,0.03218509,0.8728171,0.73208094,-0.30906624,0.40482342,-0.035096467,-0.8539329,1.2904607,0.055199243,2.0487082,-1.6254922,-0.5567788,0.032638837,1.1373811,0.39946938,0.31047276,-1.1272638,-1.1569414,0.32250467,-1.3641059,-0.53187776,0.5009173,-0.98232424,1.605356,1.2239363,-1.57142,-0.93237126,-2.2857773,-0.78259134,0.7663885,-0.41389495,0.46079725,-1.5223343,0.79797524,-0.5551092,0.012169682,-0.092874505,-1.2715485,-1.1530843,0.9677945,0.39899215,1.0500491,0.32465824,0.14299063,-1.7260106,-0.2703667,-0.02738432,1.9531072,0.68695664,1.5360612,0.5975377,-0.71130323,0.117124215,0.23622365,-0.9391556,-0.38438737,-0.20576699,1.6056198,-2.0807405,1.2058184,-0.93679523,-1.3720791,1.1799421,0.73189807,1.2545187,0.800702,2.059845,0.5587238,-0.15647738,0.34292638,1.2434691,-0.7793753,-0.6518886,3,-1
-0.30896002,-2.1045828,0.1380784,-1.8861287,0.053059313,0.86528975,-0.47687647,1.6771159,-1.460501,1.1912607,0.67513704,-1.7160332,2.7107942,-0.06374528,-0.877484,-1.4070872,-0.22001803,-0.12740687,0.10264553,-0.29779616,0.6332253,-0.38762984,-1.9349641,-0.14936149,-2.3674777,0.35377064,-0.9793002,0.16336036,1.314075,-0.9487487,1.0612563,-0.43338957,1.7531948,-0.36515263,-0.84049296,0.68723845,-0.43578973,-0.8414495,-0.47783986,-0.044606533,1.3421801,-1.9340878,0.023080658,0.6249036,0.19344857,1.3098651,-0.07434533,-0.18455145,0.59232956,0.09931382,-0.39040872,0.51614404,-0.6525283,-0.61117715,-0.52799404,1.3530692,-3.2210164,0.39559883,0.034271814,-1.6808704,0.30972677,0.475752,0.58963925,-2.651828,1.3663894,-0.7377367,0.6865677,0.7410738,-0.87669706,0.66045994,-0.38549325,-2.0713773,1.1677419,-0.775045,-0.85449344,-0.40306586,0.27223673,-0.05727041,0.5480669,-1.3394893,-0.74238634,-0.115997076,1.8978873,-0.113812536,1.0852222,0.038555168,-0.48365864,-0.24672443,-0.16841972,0.60364574,1.3746113,0.35968086,1.1870776,-0.96478975,-0.4146305,-0.72430253,0.3144446,-0.3589584,0.7297729,-0.9310017,0.043030974,0.68685794,-2.0653028,2.1216314,-0.2831519,-2.02504,0.1580939,0.03344347,-0.08189438,0.9911911,0.747445,0.29787618,0.45015565,-0.10435845,1.7754909,-1.4791961,0.13965167,0.06502463,0.8132804,-0.8438539,-1.7436726,0.15682301,0.28123048,1.4895995,-1.270362,1.1546937,2.3674145,-0.37776488,-1.2909422,-0.40697438,0.014004967,0.5637879,-0.5913947,1.5551986,-1.1145324,-1.7392051,1.1067104,-2.274621,-0.20412977,3.117681,-0.012043553,-1.1207676,-0.057397462,-0.05080079,0.16064994,0.662263,-1.0391111,1.687548,0.24511428,0.72679406,-0.6281494,1.2863821,-0.25705242,0.27755252,-0.93310606,-0.9969316,0.6882053,-0.44360682,-0.85382307,-0.64318335,0.6989531,-0.62903786,-0.117654935,0.01502775,-1.9173489,-1.4711264,0.3362779,-0.7370294,1.0567249,0.9668071,0.71916866,1.8197718,-0.08308933,0.6488819,-0.58440095,2.45237,1.9836336,0.011880434,0.38658622,1.3592976,-0.1471395,-0.6566241,0.87398976,0.07843924,0.18299446,-0.8342714,-1.7176721,0.23614241,0.90496206,-0.22580674,1.4364295,-0.7039163,-1.0547044,-0.06723031,-0.08259258,0.76996875,-0.77496284,1.3680942,1.9669169,-0.039144028,1.2497104,-1.0564971,1.0752215,1.0472764,0.8634373,-0.0155630885,-2.954249,-0.64172715,-0.625916,-0.9782549,0.122243,-0.41896343,-0.824612,-1.0588001,-0.715513,1.1214992,-0.66102505,-0.5149387,-0.4566976,0.33899352,0.45624948,-3.0446565,1.0216352,1.436368,-1.0501865,-0.97229826,-0.4502534,-0.75600404,0.22392687,-1.9465253,-1.1179276,1.5391972,-0.92822,1.2434282,0.3553382,-1.8092678,0.6353292,-0.1176673,-0.45546705,0.24495709,0.47463349,0.70759183,1.1782528,0.40813592,-1.3756341,-0.47364545,2.9430482,0.72449106,2.3692873,1.3954341,0.24180207,0.30140707,-0.03658004,6,-1
-1.7378047,0.018047253,1.2106745,-0.59964,0.411953,0.85159105,-0.9096804,-0.45130286,-1.0179114,-0.8221656,-1.2876053,-0.90044844,1.4194556,-0.91547704,0.12645923,-0.5028688,1.1788659,1.3111624,0.86407,0.30613455,-0.23105954,-1.1918747,1.9435289,-0.759673,0.66364634,1.0595655,-0.5552805,1.0380125,0.7642132,1.7279638,-0.46934646,-1.285864,-0.50548977,0.20885354,0.058212727,-0.3934379,-1.9091974,0.470483,1.9723445,0.46425125,0.6091355,0.57244533,0.39704666,0.93166596,0.39537367,-0.31267717,-0.7959889,-0.24897365,0.3141295,-0.31608295,0.31433868,0.43915012,0.8331794,1.282795,0.078007415,-1.3077766,-0.3451041,0.044062566,-1.8357687,1.3886645,0.14237791,0.38135284,1.3655264,-0.6301428,0.5740419,-0.10986412,-0.18408687,-0.77219236,1.6656032,-0.37550005,0.69946426,-1.8750074,1.1799885,1.0522112,0.09743411,-0.22694246,0.4,2.2887907,-1.7632366,0.78202736,-0.9116173,-0.019918397,-0.24788012,-0.42831826,-0.010465129,-1.1341711,1.0291804,-1.7941436,0.5397645,-0.32653585,-1.1709249,0.20238337,-1.556951,0.039713822,-1.422877,0.4612721,-0.92435735,-0.450994,0.2939494,-0.7725421,-0.057964,-1.5138305,0.6308756,1.7649138,2.792209,0.09116815,0.78820413,-1.7806257,1.5027343,0.7762285,-0.48393345,1.2371808,-0.25447607,-0.4580252,0.4753349,-1.0633545,1.0216248,-1.0559899,-1.0500548,-0.9096898,0.7595,-0.61677533,-1.3479958,-0.60568,-0.03204237,-1.1809725,-1.1516811,2.1112964,-0.8605654,-0.32304236,-0.367237,-0.4213568,0.6213467,0.94814295,-0.30595443,-1.2364783,1.2744402,-0.095341094,1.7303218,-2.245586,0.19540322,1.9186063,-0.35326412,-0.22549342,0.2955117,-0.5587958,-0.31207192,-0.3378151,-0.6274207,1.2288566,0.46107802,0.25062823,0.808571,-0.26435584,-0.77420384,-0.6026243,0.001783041,-1.0592117,-0.500261,-0.5161166,2.1245563,-2.773815,-0.17961971,1.7256938,0.12184446,0.7534175,0.09982631,-0.66733336,-2.241916,0.20545569,-0.77560663,-0.8003354,-0.49898726,1.7448614,2.4048376,0.21720794,-0.46476722,-1.1772264,0.46854016,1.7829056,-0.24734038,-2.3789961,0.67004967,0.9853997,-1.5858456,0.17648418,0.45122603,-0.0731073,-0.79077095,1.0159372,-0.40337974,-1.4851862,-2.0494745,1.2608495,0.616664,0.08797355,-0.44027463,-0.52899843,-1.0757366,-0.43145564,-2.1200871,-0.73606366,-0.31093752,0.60988003,-0.039926462,0.7949231,1.3491352,1.0581701,0.47050986,0.011862679,-0.980788,0.73994404,1.6797473,0.34210604,1.9172591,-1.5255717,-1.1541634,0.8552015,0.2642902,1.3137822,-0.015471641,-0.8679754,-0.21359324,-1.532684,-1.1285907,0.972444,0.8727874,0.3630043,-1.7210776,-0.35840356,-1.2249999,1.1765332,-0.5837221,-1.0857477,0.029796164,-0.6401545,1.4837439,-0.7348109,-1.3992282,-2.1529136,-0.030786503,-0.5619301,-1.4289047,1.1892265,0.66724515,-0.028217878,1.3643262,0.662536,-0.8228559,-1.0392202,0.81798154,0.39636695,0.16974777,6,-1
-0.8464978,0.6079476,-0.7554989,-0.101986654,1.4469441,-0.66083425,-1.5729892,-1.0525472,0.9942988,0.25473115,-0.12887737,-0.5090938,0.4853599,-0.8491048,0.30566558,-0.7312546,-0.89765936,-0.6374874,-0.37540746,-0.048829835,0.2354558,-3.6883652,-0.80765057,-0.39156997,1.505062,-1.0800027,0.16279662,1.4950303,-1.3129685,0.39397523,-0.80227184,-0.5046337,-0.80311084,-0.7318573,2.7219121,0.8444559,1.1017379,0.4919935,-1.6062568,0.39495796,1.0729296,-0.85339946,0.96532667,0.7043362,1.85204,-0.41778302,-1.097611,-0.36162812,1.435571,-1.8284059,-2.0683758,0.08939528,-0.44258928,0.007727893,0.9453118,-0.5525693,-1.8730059,2.0444815,-0.99722826,-1.0590371,1.1037201,-0.38448912,-0.06338985,0.4827901,1.0835831,-0.3334607,1.519952,-2.1358,0.75978726,-0.83952755,1.3722713,0.14204448,-0.6729053,0.6628411,0.89318836,0.6418941,-1.0296962,-0.48401713,-0.004072837,-0.041259654,0.7497455,-2.0149012,0.33432704,-0.28998137,-0.8385006,-0.7424868,-0.21453767,-3.6010852,-0.7012896,-0.8758148,0.5327832,-0.8055267,-0.2151138,1.5422766,0.9943515,0.9022714,-0.49987242,0.5430323,-0.2338978,-0.19609322,0.40968534,-0.59699357,1.4930031,-0.16013014,0.6183606,1.4556005,1.0316538,-1.4089191,0.4448959,0.8507194,0.89186305,-1.1132948,-0.65703523,0.9945582,-0.76176035,-0.29969606,1.5758758,-0.047799252,-0.72677416,-0.87761736,0.33271933,-1.333148,-0.24733597,0.33323053,1.2991499,0.66754806,-0.71406513,1.1784194,-0.29951504,-1.235703,-0.17204136,1.4381692,0.16524005,0.012521864,1.6372117,-1.4313549,-1.2855991,-1.6158465,0.37264818,0.16649313,1.5427364,0.24347508,-0.40415716,0.0017948729,0.11770742,-1.6717613,2.7103317,0.519871,0.21000831,0.615164,0.70941097,-0.14055349,-0.63124114,0.5994507,0.38571084,-0.8098901,1.4190356,0.29335204,0.72981936,1.3919209,0.02188882,0.31695202,0.81002724,-0.7248611,0.054051664,0.12554859,-0.95605856,2.3176367,-1.4072934,-1.2981039,1.3142266,0.71326625,-1.0259649,0.607289,1.4678504,-0.030263057,2.5988228,-1.7240618,0.69382346,1.1665283,0.8913439,-0.20435573,-0.29044148,0.44414517,0.8157545,0.60247344,1.0400579,-1.01887,-0.22777098,-0.9400159,-0.38611278,1.0152209,0.107983924,2.6068592,0.19340637,0.05969188,0.10618292,-0.6378087,-0.05783661,1.1277881,0.11397067,-0.7934597,-0.9250846,-0.4502019,0.07386343,1.1935866,-1.3404887,-0.31982628,0.14431001,-1.8337058,-0.83359826,-0.67988855,-0.7959704,0.19188954,-0.16055961,-0.5552861,0.42796263,1.7230747,1.6392565,-1.9227718,0.5770722,-0.1780233,0.15515535,-0.39828303,0.11758863,0.15140739,-0.5789518,-0.89636755,-0.4486957,0.23425926,0.59899634,0.853349,-0.49419004,0.28384456,0.9625026,1.1655949,-0.058832854,-0.22093172,0.19112423,-1.1497074,-0.1936095,0.7445864,0.64194715,-0.2702676,0.2177182,-0.82465035,0.70349216,-0.07782143,-0.27595145,-0.36172384,-0.06289387,-0.44787765,0.65814304,1,-1
-0.39528355,1.592964,1.4652106,-0.8915435,0.06970427,-0.65065664,-0.32664755,2.0024276,-0.3075714,0.36022604,0.5413213,-1.0006294,-0.85509545,-1.2060224,-0.8859707,-2.8500302,0.5445824,2.0541937,0.14782074,-1.4162688,-0.64277637,-0.45887685,-1.0175848,0.86018264,0.81026006,-1.1554518,0.725081,1.5268127,1.9025582,2.865212,-0.9019927,2.8242204,-0.35420638,-0.59246546,0.32707238,-0.58206135,0.39904413,-1.3200772,-0.2387526,1.2855822,-0.057061292,0.14159578,0.47525862,1.1706617,-1.6552247,0.58452404,-0.26813915,0.1666379,1.0599501,-1.1941867,-1.0126444,-1.9354299,-0.54915893,1.3304323,-0.120587185,-1.3401248,-0.48567873,-1.4878618,-1.1251861,0.38881892,-1.1738733,1.1126343,-0.07112029,0.085594706,-0.27837297,0.77284783,0.7831599,0.33505434,0.5647891,-0.21208967,0.542203,-0.33787778,0.002231622,-0.27464375,-0.45721853,-0.68911177,0.4676901,1.3106059,1.1711019,-1.2565653,1.289203,-0.3181585,0.60073304,-0.9062153,0.14197992,0.31372318,-1.4846048,0.6082672,1.345935,-0.17464794,1.3601681,-0.1896935,0.8495845,-2.21857,2.4187777,1.4954582,-0.2846255,-1.972089,0.28802836,-1.4439255,0.44485354,0.41156572,-0.94140315,1.120967,0.8055747,0.97582334,0.008857704,-1.4155241,0.97787225,-0.2703714,-1.3897802,1.3520393,2.0994074,-0.041248128,2.159121,0.091314726,-0.3804559,-0.6304585,1.6370825,-0.78014386,0.7352693,-0.5591638,-0.46030676,1.0302497,-0.38003686,-0.40479538,1.1328048,1.5973973,0.6446898,-0.6547698,-0.5106085,0.07991526,0.32093006,-0.9878659,0.72303796,0.08551333,-1.7157084,-0.92892647,-0.5041287,-0.072857685,1.8892788,0.23817131,-0.8407719,0.22063081,-0.35208774,0.32475823,0.58056766,1.2092307,-0.024286496,1.6389605,0.90802264,-0.70743954,2.2098556,0.3269945,-0.8351245,1.6529131,2.0777776,-0.033025265,-0.50365025,-0.17237496,0.71473175,1.2778567,0.5704873,0.10172321,1.4980118,-0.31283647,1.0309193,-0.2880628,0.43102297,-0.11356256,-0.055852182,-0.3773865,1.344854,-0.732926,-0.7402322,2.1209936,0.9778476,-2.3851137,-0.56525874,-1.8119893,-0.9506907,-3.1385148,-0.13698958,-1.1419418,0.059905257,-1.6251212,0.08291186,-0.41491628,1.501953,1.4113568,0.7853456,-0.32661378,1.9853804,-1.5530353,-1.4035586,-0.0837831,2.254038,-0.2023389,-0.18324524,-1.4419104,0.9459296,0.95317626,0.7890752,-0.62922066,-0.70670676,-1.2931223,0.083872505,-1.0804074,-1.1774166,-0.4236907,-0.4891562,-0.53797853,0.4664446,0.0790478,-0.28815603,0.18301293,-0.991527,0.105278626,0.15060249,-1.5030469,0.99569374,-0.8814337,0.0903098,1.1644118,0.92567676,0.03433339,-0.362499,0.9475119,0.67469496,-0.61836505,-0.7948936,-2.0723553,0.15403184,-0.08269774,1.1361914,0.3590551,1.3342292,-0.6973642,1.1381503,-0.52891636,0.77759606,-1.4587584,0.2351353,-1.9846879,-0.2671375,0.440354,-0.52096856,-1.0504376,0.84611845,-0.10346279,-0.48957065,0.041895922,2.6366692,0,-1
1.1535028,1.1625737,0.4355463,0.16648528,-2.3960824,-0.67898035,-0.4805744,-1.8748921,-1.1574157,-1.9808365,-0.038323835,0.818766,1.1067746,0.41478446,-0.9633964,-1.9320651,-1.7568687,-1.2689825,-0.8888597,-0.1597485,-1.0141642,0.3389759,-0.2322735,0.010545712,1.1402506,-1.1802317,0.41870457,-0.013973229,-0.3334863,0.88525635,0.87901413,-0.9464908,-0.18216059,0.28121167,-0.27300674,0.5850213,0.281192,1.8325613,-1.5302792,-0.12243599,-0.9085025,0.60410744,-1.6171719,0.3463127,-0.63004845,-0.73416185,-1.4464982,-0.46507594,1.0845006,-0.025188683,0.6276804,1.6646419,0.2637556,-0.55879956,0.46725222,-0.54429615,-0.50442266,-1.5198928,0.9262575,-0.38600257,0.18209824,-1.035962,0.43594763,-0.76194125,-0.14170872,0.87782604,0.7907593,-0.022030072,-1.768131,2.9928105,1.745859,0.72267485,-0.7532038,-0.11359216,-0.54342043,1.2638559,0.26250288,-0.78416383,-0.4707551,1.1211882,1.6000979,1.5283315,0.75703204,-0.25262487,-3.2415137,0.29716003,-0.0018287589,0.13998209,0.053897347,-1.3262621,0.5574086,0.63221633,0.6823388,0.946577,0.60405165,-0.4100294,-0.07083685,0.09112487,0.10769945,0.99821764,0.6436688,2.0773435,2.206469,0.07964958,-3.8366556,1.2368325,-0.54037637,-0.8014839,-0.39844528,-0.44664305,0.6122698,-1.5594357,-1.0777208,0.34315854,0.62294406,0.64154166,-0.7870363,-0.97826564,-0.50663483,0.23987275,1.4854773,-2.0474372,-0.22072875,-1.3326784,-1.6522427,0.9669567,0.54462457,0.4494335,0.9210258,-0.4797189,-0.4326375,2.1857307,-0.24657105,0.7351321,0.006381541,-1.8482585,-2.044629,-0.5789842,1.0561012,0.78829163,0.91407716,-0.9870462,1.6158725,-0.9648933,0.2128244,-0.01035229,-0.17387383,1.3385922,-0.70511055,-1.3496052,0.019995486,-0.39982674,3.377383,0.6765075,-0.40934056,-1.0561116,-1.8802884,-1.0252191,0.11494177,1.4273287,1.1216892,0.22909483,-0.32316765,0.26881236,-0.518638,1.718364,-0.18919018,-0.08633786,-2.2158225,-0.19543485,0.83648413,-1.0677226,-0.7507203,0.792711,-1.4766573,1.057801,-0.5321439,-0.38856822,-1.1238784,0.37804627,2.459872,0.78149724,-0.8642853,1.1356206,-0.31667954,1.374485,0.8066764,-2.9431415,-1.0040796,0.94438523,0.15165727,-1.0237559,-0.6335895,-1.9062366,-0.08837329,2.2106898,0.80493337,2.190417,0.8823971,1.0274793,1.9740787,0.37726325,-0.18722732,1.0326575,1.4538403,-0.47996464,-0.72156906,0.13885604,0.83149886,0.79809105,-1.4241676,1.9116061,-0.64116496,-0.26506498,-0.90265435,2.6983287,0.24207067,-0.8509751,0.86392355,0.7691358,-0.18772702,0.8406067,-0.82529193,-0.49291828,-2.0102167,-1.3239511,1.8076308,1.6414286,0.06578865,1.6629314,-0.16007449,-0.2434103,0.05651065,-0.1249216,-0.21519633,1.1433982,0.15013565,0.71248174,1.0313805,0.3881858,-0.97027135,-1.3528659,0.14878063,-0.1712563,0.08739143,-0.01605404,2.5835736,-1.3302263,-1.9899462,0.33237684,-0.37642255,0.31606787,0.58388305,3,-1
1.2841047,-1.5072259,-0.5567179,0.42876127,0.7704636,2.1934495,0.955704,-0.056788597,-0.89043576,-0.56428987,-0.5927028,0.6552336,0.25699744,-1.3236495,-0.43590146,0.87754756,0.35166237,0.56864464,0.3829217,1.6264307,0.23604307,-0.3860228,-0.91575503,0.24960946,-2.440704,-0.18428901,-0.20583986,-1.3644708,-0.9282658,0.8096575,0.23071174,0.101788335,0.30634752,0.092627585,1.2428626,0.12342918,-1.4582131,1.6301299,0.37034026,-0.5892537,-1.2534018,0.39591423,-0.117172,1.5741467,-0.34590727,-0.83738077,0.89579624,0.9252819,0.16865137,0.67635703,-0.03768712,0.2338651,1.1649909,0.62531835,-0.16927443,1.3523625,-2.3648553,2.0520732,-1.7059591,-0.62709284,-0.040917534,-0.14648066,1.0064111,-1.0578367,0.2607668,-0.5782121,0.29514098,-0.06477226,0.09293565,-0.54992485,-0.51006395,0.2872725,0.9437155,-0.59827936,-0.86876756,0.6134602,-0.03250389,0.83049816,-0.90579724,-1.779439,-0.5330041,-0.7663526,-0.0787884,-0.63684523,0.7410169,-0.28815025,0.1504745,0.15763456,0.1949551,-0.024129111,0.5106007,-0.79565513,1.3994179,-0.23653738,-1.3115492,0.18807335,-0.8511805,0.6653345,2.2096057,-0.7865721,0.33237234,-1.7555056,0.45390522,-0.8857138,-0.6248346,-1.1012865,0.7321512,1.0073043,0.023385216,-0.86442673,1.5895231,-0.75041014,-2.1620324,0.458389,-1.1047747,0.9886088,-0.3811377,0.6037132,1.4015003,-1.2088588,-0.5659371,-0.07567107,1.5375513,-0.6583827,-0.5945037,0.47814056,-0.5772287,0.15252589,-1.5515374,2.21433,-1.3477092,-0.3217527,-0.032481037,1.9126881,-1.3248458,1.9837041,0.7571768,0.41709533,-0.9846337,0.57114124,-0.7234866,1.2666613,-0.971062,-0.113158494,-0.5552731,-0.98752296,0.74131984,0.53545874,1.2090102,-1.7798752,1.0641707,2.5054488,-0.45164108,1.8951486,-0.26316127,-1.3724097,-0.30563244,1.048204,-0.8381765,-0.60033864,0.5935394,0.0030601167,0.584623,0.23782954,0.4796253,-0.4323012,0.23173094,-0.927373,1.2884337,-0.6342747,1.1288475,-0.23360696,0.20199901,-0.49496454,-1.0159954,-1.7447604,-1.0553242,-0.32390887,0.21187918,1.0103793,-0.44575745,-0.88196075,-1.4427148,0.48006362,1.3831946,1.2663302,0.70993274,0.6385433,1.6976237,0.33208147,0.64612967,-0.32078385,-1.3620434,-0.6838489,-0.009159039,0.06078537,1.9262859,0.08127717,1.1788435,-0.43507725,-0.31167588,-1.3290076,-0.742328,0.5269814,0.0075601805,0.9429386,0.18125395,-0.35245374,2.1482968,-0.09390357,1.163001,-0.4012092,0.7095995,0.92801565,0.20849197,-2.354483,0.01825246,1.23046,0.52748084,0.44583887,-1.7222569,-0.72045505,0.41135764,0.41038328,1.2146667,-0.14486675,0.4058241,0.016374242,-0.9869427,-2.2557914,0.43100968,0.17394722,-0.618175,-1.619173,0.6297395,-0.26592007,0.55687475,1.8640485,-2.1414309,-0.6996008,-0.20937562,1.4548261,-1.636403,1.935861,0.1358559,-0.096000664,-0.19805977,-0.43626302,1.0481168,-1.0685208,0.3454142,-0.38418168,-0.7621334,6,-1
2.5859752,0.41905072,0.6132656,1.1377767,-1.42135,1.7522919,-2.5089571,-0.7687664,-0.45903167,0.5817234,0.21871826,-0.16681474,-0.011997345,-0.97802305,-1.4972324,0.7265116,0.6937061,1.5844944,-0.79001707,0.6928152,-0.28370672,1.190475,1.0219628,0.2112094,-0.33953017,0.9609322,0.6469045,-0.6844404,-1.3277987,-0.2885329,1.5154138,1.1464871,-1.1123275,-1.1677574,1.2746838,-1.1356359,0.50929534,-0.6160712,1.6170449,-0.7704248,1.1433616,0.18485865,0.25219485,-1.9703085,-2.2029133,-0.22056594,0.24690606,-1.1251978,-1.0886934,0.56147265,0.56285447,-0.13774106,0.78020173,-1.1742023,-0.35593492,1.6478776,0.06832213,0.12631251,2.3059466,-1.3993422,0.79643035,1.6639863,-0.32485792,0.85963076,-0.9820195,-0.6867324,0.3849664,0.7985667,1.1209365,1.5696286,-0.06744656,1.1936117,-0.34230486,0.9020913,0.2074888,0.4456779,0.42350787,-1.604705,-1.1241219,0.10254144,-1.6872791,0.8312111,0.871556,0.32717055,-1.121134,1.380139,2.0372107,0.14707683,0.51053536,0.20173866,0.53036916,-0.11955876,-0.034564238,0.9057176,2.3456242,-1.4000713,-0.103812486,-1.1804605,1.5920249,-0.587738,-1.4432008,0.638187,1.7443111,0.6635979,0.20479788,0.4091409,1.4148407,-0.8741993,-0.1118471,-0.45269015,-1.1678653,-0.32837525,1.1077211,0.5666022,0.6443105,0.14647561,0.5233238,-0.80059034,-0.30950987,0.19200423,0.27751586,0.32018787,-0.13833529,-0.3774234,3.1577713,0.9067873,0.41314748,-0.23320849,-0.4512188,-0.13080059,0.29282886,-1.8804356,-1.5693896,-0.63688236,0.20713943,-0.23927315,1.4781213,-1.4823968,-0.75134546,1.5200918,0.13111933,0.8848426,2.051247,-0.69380444,-0.09931434,-0.2724269,-1.9545931,-0.3103968,0.8810622,0.5405896,0.61908317,-0.375509,-0.65609723,1.2692556,-0.49731714,0.29408205,0.16333468,1.461717,0.97141236,-1.2952586,-1.1875532,0.5789098,-0.06433765,-0.4551718,1.0156279,0.18745938,0.05245739,0.77982867,-0.375109,1.568519,-0.7880476,0.6569291,1.4338329,-1.3772955,-0.34333518,1.1422074,1.1572446,-0.1714956,-0.7346711,0.95593584,1.183549,-1.1646633,-1.2039137,0.22525668,0.6293606,-0.29906908,0.6792938,-0.7101366,-2.1146936,-0.42390108,0.063232146,-0.27583995,-1.1586033,-1.815649,-0.5140888,0.8976558,1.2561975,1.1877134,-0.81590956,-1.1537063,0.4966346,0.6351,0.4001696,-2.0140634,-0.8668846,-0.02968879,0.4872182,0.76730734,0.14425352,0.3307838,0.08486546,0.68561935,0.31286564,0.06573766,-0.2683688,0.08129142,0.48459136,0.2674754,0.3808264,1.3427218,0.26516393,-0.6489985,0.8836068,-1.3661983,-1.0814134,0.33584726,0.51639664,-1.2450513,-0.38281748,-0.6060838,-0.48667634,0.9435978,0.7065055,-0.01912218,-0.5459619,-1.3496497,1.420185,0.5921139,-0.7066691,0.7195995,-0.07022362,-0.2871095,0.43521154,-0.74149823,-0.34375653,0.12146106,-0.4994512,0.6690852,1.8690665,-0.75429815,-1.6651253,-2.0017402,-0.15046814,0,-1
-0.6631646,0.2078605,0.13259767,-1.6032169,-1.8148838,0.29593325,0.13542883,-0.425818,-1.6571436,0.47139126,1.2718996,0.27798244,-0.8474739,0.044552166,-1.3661141,1.0579607,0.08184434,-1.7681569,-0.30067435,0.4633015,-0.33304763,-0.2758957,-1.2244022,0.566541,-0.6484692,-2.1564453,-0.37125736,0.98114973,-0.38692945,1.737985,0.42896795,0.33875817,-0.12839827,-0.06828621,-0.26342362,-0.3022694,0.53086716,-0.93583125,-1.0758939,-1.123195,2.0456545,0.5303429,0.3044922,-1.0575147,0.6233423,-0.116571344,0.21416894,-0.9766203,0.16026886,-0.42383355,-0.7656112,0.73410636,-1.5377078,0.56477624,0.68448615,-0.8796437,-0.8203285,-0.22302568,0.28203622,-0.152855,0.43356246,1.7629796,-0.5077168,-1.7151799,0.82592356,1.6833146,0.39276835,-1.0877486,-0.12389237,-1.1185235,0.64285547,-1.3512903,-0.3001288,-1.0043378,0.12682469,-0.36634168,0.1767621,0.022350555,-0.98665905,0.62687707,-0.048765652,-0.988529,2.2409265,0.47643018,-0.15326056,1.4152045,1.8418156,-0.14534943,0.34739748,-0.98800284,-0.14719275,-0.19906256,0.18482703,0.33276048,0.55982846,0.23764266,-1.2107426,-0.9384671,-0.54640764,-0.2822406,1.0507743,-1.162939,-0.35741505,0.9530095,-0.29987746,0.46041566,-0.13954204,0.25678325,-0.22847255,0.6670655,-1.5450565,-0.363312,0.2965727,0.5336952,1.4929526,-0.39102468,1.4794818,-0.6590238,1.3286464,0.81746715,-0.9134586,0.30703923,-0.051235836,0.6255846,-0.2232716,-0.30724624,1.3690946,-0.09872089,0.82642233,-0.22535148,1.6666633,-0.67833465,-0.61414355,1.5245172,-0.44494638,1.6010743,0.8918406,-0.1546497,-1.8132935,-0.019318305,0.101630054,1.1672177,1.5884472,-0.6849872,0.8011818,0.76540214,1.0734127,0.49868992,-1.9424977,-0.15542243,-1.1557076,-0.20260577,0.98000425,0.30515084,1.1480908,0.34175393,-1.2983259,-2.520847,0.14880876,-0.21392646,-0.97694576,-1.7006272,-0.73474324,-0.19449149,0.6658778,0.18863109,1.6080673,-1.035604,0.8810589,0.047298744,0.6946691,-0.43651485,1.0716804,0.29522476,-0.67944497,-0.012024029,-0.23955587,0.48917836,-1.1797768,-0.029351702,0.39530724,0.03302331,1.3469412,0.77402276,-0.007480797,0.2166891,0.29566556,0.4032996,-1.825658,-0.3015263,-1.484439,1.278281,-0.06084952,-0.19334094,0.89679736,0.4223248,-1.1286346,-0.070905365,-0.33516696,-1.744533,-0.6902762,-0.18354033,-0.11495093,-1.4822314,1.1516656,-0.10210306,0.037553076,0.40064165,-0.7880763,0.45635596,-0.36707464,-0.8965855,0.57344747,1.4916738,0.7248294,0.92297757,-0.5206306,-1.5976198,1.4901376,2.054515,1.5428067,-0.33578593,-1.1546344,-1.0656826,-1.6837325,-0.10737862,1.605678,-0.14166263,0.3023229,1.375597,-0.40409532,2.0355315,1.9920944,-0.13111134,-0.57753426,0.697238,-0.34752494,-1.1565552,1.2812387,1.2164474,0.1555116,-1.2628647,-1.2295263,0.107229285,-0.49987105,-0.34109294,1.0219631,0.73317933,1.3781427,-0.99062324,-0.34319156,0.7589817,0.44807833,3,-1
1.5323803,0.4205367,1.8481091,0.5400178,1.0621674,-0.32351494,0.014287212,0.9109444,1.6129782,0.72923696,-0.08317177,1.3773351,-2.1919787,-1.4222345,0.68163425,0.014108356,0.60551363,0.06440752,0.5709457,-0.8144028,0.57048607,0.9944145,1.2205507,2.0135543,0.24409844,0.2739111,-1.5231725,-0.5314114,-0.19308208,1.0503196,-0.61100113,0.79634005,-0.001621717,-0.17716812,0.24889398,-0.39115638,-0.42903724,-1.704786,-0.2479542,-0.47996816,-0.515981,0.41687307,0.658632,0.2321945,0.9954152,0.57556194,-0.2950562,-0.4628563,0.31282222,0.5737671,1.3978443,1.1911731,-0.54147303,-0.10200628,0.6710178,1.0679978,0.9389695,-0.063877836,-1.2540226,-0.99893636,0.27263352,0.34222558,-1.0986794,0.04456961,0.63122433,-1.1512266,1.1049972,-0.37753114,1.2576131,-0.53345245,-1.0266255,-0.45813698,-0.095148124,-0.38847992,-0.21600142,0.33396515,-0.17117937,-0.06611239,-1.7092264,0.391698,-0.0892033,1.610293,-0.9395652,-1.8082954,0.6180685,0.346527,-1.008433,-1.5297489,1.5373968,1.4141104,-2.4874568,-0.45822302,1.6641921,-0.47606257,-0.49061224,-0.28275934,-1.1208969,-1.7047757,1.0525473,-1.8429369,0.24727145,0.8865795,-1.4512264,-0.9242684,1.2131792,0.5328917,-0.6172857,1.202249,1.2065357,0.26905268,-0.90016025,-0.4134487,0.28638676,-0.18859483,0.93895715,-1.5297741,-1.4942635,0.18087111,-0.49154443,-0.6270486,-1.7680568,0.019545846,-0.052755106,0.653479,0.068906136,-0.13260408,1.1770006,-1.3124673,0.53638923,-1.6711471,-0.83836186,-1.2126571,0.78194255,-0.065410234,-0.013503244,-1.106733,-0.2996935,-0.7634653,0.383455,-0.99109113,1.3297944,-1.6755805,-0.8065198,1.6772006,-0.43513876,-1.3148787,0.21907157,-0.47539225,-0.83587027,-1.0958709,2.7683735,-0.2515519,-1.9255674,1.4937098,0.61107093,-0.76646644,-0.9331191,0.6734728,-0.24691832,-1.9259778,1.7872399,-0.43399045,1.4955717,1.278435,-1.0010096,1.0331899,-0.6514425,-1.8667005,-0.42459816,0.39763752,-0.46273664,-0.30704835,1.143566,0.10649398,-0.8432983,0.7020303,0.19767557,-2.5216048,0.42835292,0.39182872,0.02012113,0.89170057,-0.67239356,0.33649978,-1.5669594,0.4070904,1.9530597,-0.99485636,-0.7598021,-0.7100154,0.12999822,-1.0630363,0.4212474,0.84683996,0.53434724,-1.7684155,0.9951677,0.93736744,0.8301614,0.37284225,0.22018932,1.0323894,1.9235135,-0.9530405,1.0781254,-0.0862171,-0.12967305,-1.5365307,-0.2847894,-0.997265,-0.46385443,-1.0981864,-0.4489084,-0.40611035,0.096754916,-1.6147499,-1.4455181,0.36191428,-0.79743814,1.0745298,0.22526972,0.6067622,1.4106923,-0.3097108,-0.57448673,0.8717026,0.50951356,-0.1873303,1.3914579,-0.21224432,0.032773636,0.021222651,-0.9345939,0.07758539,1.3967602,0.4449683,0.031063426,-0.16176727,0.33086702,0.74976665,0.6092388,-0.33186486,0.3247816,0.47993973,-1.007195,0.16823055,-2.161304,0.48253372,0.66034305,0.74754614,-0.39504686,0.30904683,1.4239539,0,-1
1.4137696,-0.0291727,0.13931963,1.1109111,-1.500802,-0.32307574,1.3355705,0.97520053,0.36926377,-1.5058324,-0.049910232,-0.5899154,0.3310389,-0.8093467,-1.0257233,-2.0648654,1.2218047,-0.3997705,0.15714578,-0.0022381165,-1.067434,-1.2590649,-1.0053152,-0.72316843,0.36660624,-0.79571766,1.7464906,1.027151,0.80835956,-0.1196589,1.5142807,-0.21800563,-0.031261414,0.16997454,0.70182306,0.63690805,-0.47512528,-0.53299373,0.63990295,0.7152366,-0.39335114,-1.5871881,-0.2073161,0.6235258,1.8054168,-1.197958,-0.42657125,-0.38940355,1.3558054,-0.034941502,-0.9073266,0.55869526,-0.40463853,-1.2243873,-0.89277333,1.7340419,0.38420922,0.10776006,-0.24989374,0.29214883,0.28023595,0.29216883,0.11484509,0.8687983,0.023104345,-0.97793883,-0.6124229,-1.9790187,2.026817,0.8627546,-0.8300705,-0.28184485,-0.63687646,1.5425472,-1.4198772,0.11447606,-0.10852784,0.8268386,-0.104009226,-1.7582089,-0.25111783,-0.97216225,0.07957955,1.434177,-1.7394253,-0.80022275,-0.55269295,-0.3816311,0.74012566,-0.17354442,0.41580272,-0.6257731,0.22992435,0.77779764,-0.73229957,0.7813581,0.05237277,1.0454602,-0.2014199,0.38124466,-0.04060623,-0.09621226,0.25893041,0.5368075,-1.2495649,1.4336336,-1.859663,-0.6848121,-0.09426907,0.41235596,1.5761725,-1.8582915,-0.5076941,-2.1268334,0.031621974,0.27168357,1.5907958,0.120634764,1.0440252,0.5838371,-0.4352482,-1.4089607,0.2750023,-1.492102,1.295207,-0.16206211,1.1951774,-0.48021445,0.26885077,0.20934886,-0.045044117,-0.4326595,0.39245602,-0.92616326,-1.2094353,1.2428269,0.72716796,0.06589161,1.6651424,-0.26776552,1.3227032,0.17557408,-1.0247507,1.8480402,0.99071085,-0.12102103,0.72717124,-0.40370342,0.829149,-2.3910785,-1.0198014,0.9792597,-0.24965554,0.2075423,-1.3467857,1.847867,1.1905296,-0.20068522,-0.40469587,1.0296043,1.9824704,0.95376027,2.1718028,-0.9223513,-0.81938684,-1.1889411,0.44176066,0.17560355,-0.15195112,0.80925864,1.2323287,-1.5256624,-0.59697205,0.8201436,-0.4677387,-0.7982061,1.0185374,-1.2895001,-0.3015798,0.32864404,-0.57381994,0.7831557,-0.568877,1.4086195,-0.1257463,0.67127013,0.74602395,-0.62754,-2.0534866,0.36075574,0.07228835,0.555826,-0.22652747,-0.4304277,2.008473,-1.472354,0.7339505,-0.5746018,-0.33577862,-0.31710282,-0.80343425,0.5712242,1.3906436,0.47001365,0.103382,-0.9864405,0.51682526,2.1563497,-0.38069463,-0.37598357,-0.56108916,-0.48941424,-2.7452996,0.40503538,-0.8455522,-1.6102631,0.7531899,-1.0820178,-0.33866906,1.4664423,-1.4092158,-1.5325983,0.26930618,1.1494874,-1.5743418,0.40768975,0.58099955,-2.0591605,0.7985013,0.87660587,-0.31178558,1.2523464,1.1364555,0.10311793,-0.4514454,-0.9728279,-0.03756351,0.5697589,-0.32417685,-2.197501,1.268714,0.19022322,-0.3796245,0.85715836,1.5246387,-2.8019116,0.43426365,-1.4266492,0.49911052,0.1279272,0.6357265,-0.4992476,-1.8732401,6,-1
-0.4503682,0.40684763,1.0153923,-1.1718313,1.0270604,-0.64787227,0.36244988,-0.50989395,0.18217063,0.89187765,-1.2270141,-0.6799059,0.18496259,2.4015837,-0.8631897,2.040134,2.0044234,-0.097311154,-0.29815254,-0.6920652,-0.06820253,-1.4067194,-0.07623902,1.4968803,-0.61108506,-0.24072431,-1.7011405,0.3740621,0.2644817,0.06370236,-0.21682705,-0.29275793,0.50190026,-0.028816601,0.31497186,0.21498282,1.1234273,0.6769941,0.19286184,1.518422,0.42026854,1.3049626,0.6069426,-1.8419191,1.3048347,0.13517624,-0.051954772,0.28134835,-0.34498316,0.22702886,-0.5918761,1.2742722,-0.11358812,-0.38258386,-0.9249258,0.2687758,0.1871071,0.3884246,-1.0272518,-1.6011811,0.6255913,1.4846419,-1.0263536,1.5894413,0.28391105,-0.0070629045,-0.3975487,-1.384518,0.98772854,-0.77560633,-0.7798067,0.9919263,-1.8829834,-1.5235978,-0.018134244,0.29328442,0.48473465,-0.3017985,2.5303698,-0.22789256,-0.23078614,-0.79698664,0.12390681,0.6149612,1.203578,-1.4892843,-0.24599534,0.4467036,0.58705753,0.006548658,0.54242396,-0.8089639,1.5579054,0.9926281,-1.3449278,-1.075103,-1.0469217,0.67797,-1.2847278,-0.33102435,0.4547044,-0.06616593,0.25888753,-1.0658027,0.59485435,-0.61321187,-0.32461968,0.23773172,0.103078224,0.02398002,-0.7506268,-0.2995494,0.0021835908,-1.3750852,-0.46253297,0.38767987,-1.2774366,1.1565816,1.2696133,-1.2451506,1.3576196,-0.14358158,0.41851455,-0.49665105,0.9230448,0.406094,-0.81415325,-1.165202,-1.4603025,0.18794177,0.57247144,0.6509657,-0.11798109,-1.1569965,-0.6820748,1.1523486,-0.48462856,0.14341763,-1.0756505,0.33658305,-0.45768458,1.0467128,0.7735577,-0.49570593,-0.12666403,-0.5511162,-1.4194332,-0.85744244,0.19821733,0.3252595,0.1485479,-0.30173305,0.9330666,0.063541904,0.7032538,-1.7737751,-3.9224002,0.28378803,-1.4247657,-0.2124517,-0.30209705,1.5874006,0.39999655,0.16585903,0.83699113,0.36849758,-0.457677,1.071476,-1.1097502,0.3232472,-1.5475698,0.20394386,0.19298965,1.676455,-1.564974,-0.6008872,0.82268244,0.33531725,0.18030505,-0.9561357,-0.59081835,1.245041,-0.051509194,0.37535968,-0.11518833,-1.1830856,0.9338104,0.50323236,2.305637,-1.0155814,0.82257295,-1.311544,0.15734656,0.9765066,-2.0721352,-0.20493248,-0.5632097,-0.7019573,0.38521266,1.1206857,-0.13327871,0.20548643,0.11430875,0.0018035064,-1.0893426,1.1084446,0.29519537,0.3948815,-0.8065096,-0.4592204,-0.1761342,-1.5341247,-1.6880343,-0.60074794,0.5225208,-0.6531374,-1.0188051,-0.81468564,-0.4553424,-0.35385898,2.1655214,1.0546206,1.0247741,1.1685804,-0.99882084,-1.2223647,-1.1068703,1.3345062,-0.5471918,-1.2513561,-0.4309962,-0.23860553,0.26841328,0.25095102,-0.82818055,0.68565637,-0.63919353,-0.15627633,0.6867741,-0.6418214,-0.56935143,0.59166807,-0.8577332,-0.38479203,0.5557422,2.0540924,0.6054045,0.47263977,0.5308016,-1.0731903,0.11559674,-0.029766489,0.32158455,4,-1
0.11650805,0.37969968,-0.3114672,0.058608916,-1.2278286,-0.31990728,1.3908335,0.31880835,-0.020921037,1.8961233,-1.360835,-1.1094556,1.7127115,0.045960937,-0.24258304,-1.1992043,0.44769627,0.5444599,-1.0944943,-0.14027558,-0.33551583,0.25597715,-1.1192503,1.2519474,0.91582376,-0.36317557,-0.21641871,-0.13642216,-0.7783086,-0.4434294,-0.27027038,1.6128684,0.9466183,0.9346547,0.36992562,-1.117327,-0.041491106,0.9704885,-1.2582647,0.6365532,2.3226092,1.0618167,1.4140291,0.21833876,0.9679319,-0.7178532,0.7958638,0.6543881,0.28991118,1.3160074,-0.53878486,-0.18705751,0.09546204,-1.029611,0.22693194,-1.7189304,1.0469545,0.046637367,-0.5208929,-0.8343736,-0.23457903,0.6882597,0.54773897,-0.705538,-0.84603965,0.6568987,-0.7223474,0.059909776,0.12375464,0.31206214,0.8582704,-1.2629629,-1.9111593,-0.5674473,1.8015285,2.0221741,1.8311771,-0.19298136,-1.7821151,-2.343039,-0.61403817,-0.19807363,1.3006254,0.8678055,0.22740509,-0.8898448,-0.96077955,0.25412768,0.697051,0.39188126,-1.034598,0.6506676,0.42591098,-1.0706664,-0.78432095,0.688496,-0.23450753,1.5891473,0.50112927,-0.48663118,-0.0102056,0.06338339,-0.72839034,-0.9125882,0.7013899,0.8452733,0.60378146,1.515318,-0.54177326,1.6742707,-0.9009211,-1.0126855,-1.7599589,-0.44579533,-0.5037223,0.52593726,0.24389094,-1.1929734,-0.39272624,-0.37146202,-1.7759823,-0.9809467,-0.77081364,1.433625,0.19145072,0.66216874,-1.4986355,1.1942145,1.301102,-1.998345,-0.7053167,0.49576557,0.64438844,-0.67849475,-0.30549946,-0.59738106,0.110418044,1.1971785,-0.77104217,1.0008205,-0.78167206,-0.8476272,0.81859463,0.9219364,0.8514099,-1.3157974,-0.46595097,0.82298857,0.04154184,-1.0736928,0.45831794,-0.7148073,1.7945248,1.5448414,0.6040974,1.3610067,0.06479135,0.7654375,1.4777203,0.24549869,-0.25518718,-1.7046219,-0.083133526,0.8234232,0.9456334,0.5043651,-0.5412991,-1.9768215,-0.4952151,-0.30434486,-0.31292897,0.6185564,1.9856764,0.1235292,-0.21673179,-0.25922182,0.12438477,-0.82829374,0.120198555,0.45081234,0.20968607,0.45754194,0.43374762,-1.7718967,0.63687015,-0.67101485,-1.0958391,-1.1044518,0.4335416,-0.22257493,-1.6819688,0.4780378,-1.4396081,0.13982137,0.23849893,0.8855771,1.7816848,-1.3646764,-0.052473854,-0.2763353,0.43374968,0.21566877,-0.35254624,-0.4409022,-1.1164509,0.9878616,0.45920417,0.9177682,-0.31039613,-0.6568355,-1.078315,0.3589176,-1.0397933,1.8486631,-1.3076426,0.27366012,1.5668547,0.59908974,0.17567371,-0.9684836,-1.3817692,0.7700501,1.5061473,-0.43885,-1.1390615,-2.4581695,-0.98076487,-0.11365684,1.5991232,0.6731337,0.3050854,-0.40011966,-0.5831657,1.4056476,0.20073853,-2.1026006,-0.67353964,-0.85821605,-0.546264,0.5629107,-0.10744488,-0.076865405,1.3134731,-0.6964611,1.8641995,-0.67130756,0.089198194,-0.2812036,0.123419136,0.444592,0.43383524,-0.7531173,-1.1229147,1,-1
2.5031717,-0.48398435,0.69921243,-1.6076413,-0.27961272,-0.12719938,0.47281507,-2.722454,0.16614062,-1.1497414,0.3243457,-1.0363292,-0.8554827,-0.2736276,-1.0523294,-0.47553444,-1.1933758,-1.8331704,1.0179571,-1.2960486,-0.17868088,0.75289106,-0.6149441,-0.8251659,0.22623809,1.1179339,-1.1693152,-0.15014783,-1.7324946,-0.393201,0.034204684,-0.8546246,-0.45699182,-1.4082267,0.07707861,1.0556942,-1.0971439,-0.6226718,0.50254625,1.2120907,-1.4931898,-0.16878474,0.28313082,-0.10205639,-2.476792,0.50109,1.5193363,0.11666175,-1.031106,-0.51312727,1.7699131,0.90996253,0.6400266,0.3564126,-0.6611371,-0.20057118,-0.07792274,0.5495743,1.5089189,1.1183381,-1.4193844,0.22399497,0.73676336,0.6188603,-0.6292338,2.9141092,-1.2770846,-1.0831884,0.23359509,2.1168032,-0.8361949,-0.26582837,1.0772936,-0.017862154,-0.33460385,0.5656329,0.27251798,1.0304388,1.2914689,0.30700305,0.29173273,0.21411099,0.48913056,0.055170637,-0.00060848234,1.1966271,1.5161161,-1.507553,0.010021152,-0.6886944,-0.31097147,0.40251622,0.66943836,-0.11212645,-1.9133403,-0.9650456,0.8964997,-2.7404265,1.1874272,0.52123,1.316176,-0.1985692,-2.0614054,0.43036264,1.2746531,0.9247218,-0.6626915,0.08676107,-0.53283626,-0.81926644,0.95538855,-1.1975323,-0.8938164,-1.1040256,-1.4902475,0.1464143,1.1615031,-0.18487675,-1.5057478,0.83994454,1.6857017,-0.6462423,-0.47855428,0.51566064,1.6218737,-0.51983416,-1.3324498,0.6314186,0.7990681,0.0061314506,-0.55813324,0.99437875,0.528036,-0.76843554,0.049094733,-1.3517076,0.68589044,-0.26223356,-0.43571082,-0.032874484,0.0403077,0.89493006,0.59109056,-0.15640928,0.7636682,0.40073726,-0.42659962,-0.12471816,-0.1482229,0.50526136,-0.3670226,-0.39040917,1.9687573,0.9397355,-0.7606007,0.570941,0.118350066,0.39155117,0.13734132,1.1896427,0.34562033,-0.0620887,1.0421906,0.23328504,0.12147858,0.3140226,-0.09360902,0.009226993,-0.5866946,-0.75116724,-0.9985704,-1.3919833,-0.87971735,-0.17426704,0.103117585,-0.27129656,-2.3557036,1.5745864,1.0864801,0.44575986,1.9074907,-0.9773641,1.8876251,-0.9652141,0.23873793,-1.2738373,0.014694096,0.38616648,-0.15469033,0.71387744,0.099014446,-0.52241474,-0.5668133,0.8109138,-0.653742,0.91540295,1.2227118,-1.6687138,1.1329263,2.0604227,0.25200376,0.5990842,1.0370053,-0.27548233,0.18228023,-1.3141996,0.13863502,0.498112,0.51616305,1.0654247,-0.77480215,-0.5326068,1.8955073,-0.15032837,0.20003378,-0.067010045,-0.82168084,1.6235292,-0.52770144,-1.1272855,-0.45074028,-2.001706,-0.65128744,-0.9681286,0.61742866,-0.67341423,0.8878039,1.398484,0.7811753,-0.21538828,0.1411145,-1.524985,-0.13377938,-0.86043847,0.6943264,2.5727525,0.49982163,-1.9911401,-0.3612302,0.12249093,0.087357424,-0.73081315,0.24529174,-1.2425008,-0.94490874,0.64579767,-1.0156633,0.5382116,-1.3694638,1.7648259,-0.77426994,-0.22366658,0.33061326,2,-1
-0.56534994,0.14340596,0.5753567,0.96061325,0.7914974,-0.17181046,-0.14663178,2.3491085,0.94988906,-0.9218237,0.09998816,-0.33514315,-0.13533424,-1.2294952,-0.41192323,1.8115557,0.5790763,-2.4911613,1.2167234,1.0896295,-0.3592853,0.7172635,-0.8593992,-0.4702557,1.4985464,-0.27173004,-1.8697317,-0.063303225,-0.0785884,1.1983685,0.014336422,-0.4215823,1.0450561,0.120790236,-0.7500227,1.1549976,0.19366176,0.0029259666,0.17790839,-1.0706683,-0.52765375,0.003582602,-0.19466369,1.2724284,0.21740586,0.85490394,0.009395354,1.0562885,0.39752775,0.013420485,-0.013283089,-0.9544386,0.50691575,-0.040204734,-0.501992,1.1064618,-1.250216,-0.4224959,1.0277188,0.31552294,-0.047858927,0.25100353,0.17941417,-1.5166626,-0.34926188,1.6165216,-0.6593241,-0.31830102,-0.5416208,-0.08701523,-0.58312285,0.4867415,0.19731341,0.7735476,-1.0509411,-0.3403405,-0.22572263,0.4556469,-0.7932212,0.9156538,1.1864156,-0.98887235,-0.4908729,-0.5319315,2.6323862,-0.4299001,1.6776254,-1.266632,-0.98965096,-0.68660456,-0.8456893,-0.26789874,-0.7087782,-0.8193416,1.158472,1.2237936,0.9492965,0.523999,0.09274307,-0.4970307,-0.9531575,0.3629957,-1.1736304,-0.9939209,1.1529132,1.9006491,0.39329514,1.1064571,-0.24584831,-1.3376741,0.6121716,0.5692893,0.07166855,-0.24237546,0.9622106,-0.98573303,-0.7737806,-1.0081065,0.08497296,-1.087893,-0.6842422,-0.7057556,-0.26060835,-1.4873744,0.08720499,1.2473036,0.13549137,1.5413212,1.3339982,0.77773505,0.07468584,0.022500388,0.7637998,-0.3916706,-1.8825208,0.49200407,-1.1310686,-0.9621412,0.000223948,-0.09512488,-1.4120756,0.16549157,0.9661397,-1.1283416,1.2724833,-1.5601708,2.117324,-0.41126043,0.145617,-1.8920336,-0.062136065,0.22848217,-0.086162105,-0.5630811,-0.9465645,1.1305267,0.030807136,1.5407524,-0.52648234,-0.4347947,0.81559426,-1.622975,-1.2134633,1.097485,-1.1719339,-1.819051,1.8685272,-1.3938177,0.1841194,0.069085196,-2.8106284,-0.26731703,0.44841325,0.35430938,0.9035207,-0.38749132,0.71250445,-0.6893291,-1.4104674,-1.2977284,-1.4621104,1.009586,-1.5145735,0.27403885,-0.2659242,-0.10264857,1.3636073,-0.43842736,0.6116016,0.03756335,-0.1520189,2.2999692,-1.4413418,1.2891319,0.6564066,-0.479525,1.6293185,-1.8481101,-0.52176666,-1.2084821,0.41208348,-1.113064,0.43306395,-0.18643641,-0.47935393,0.38864726,-0.26862162,-1.0886348,2.801373,-0.48716718,-2.2176092,-0.8420987,-1.2672766,0.8261456,0.32165265,0.3987128,-0.37002248,-0.27935025,-0.3709311,-0.08119319,0.8353334,0.33607543,0.50011283,0.4995589,0.88444245,0.28815004,0.35884807,1.1888063,-0.6650459,-0.8557426,-1.1859215,0.18291457,-1.8537322,0.4621541,-0.109193094,1.1346397,-0.6719173,-0.20331828,1.1222034,1.3831357,-0.68015236,0.18178123,0.294419,0.3736534,-0.26257566,1.2813834,-1.8897035,-0.42113024,0.44793072,0.45722482,1.352759,1.1982254,-0.28554162,6,-1
1.2998712,-0.71404177,0.9308874,1.8105224,1.2149441,0.10577039,-0.33177876,-1.5285913,0.31053963,-1.1152172,-0.7931347,-1.1907458,-0.46039233,-0.027969414,0.2736146,-0.60050666,1.0692837,-0.20820525,-0.7877224,0.22629227,1.9635528,0.33516055,-0.3628556,-1.5274614,-0.21941233,0.23492813,-0.3875809,-1.6653847,-0.8505654,1.4545385,1.434001,-0.8866392,0.6727568,-1.1785728,1.4043163,0.24523585,0.9496415,-1.7150934,0.6776371,-0.0076740636,0.85192907,0.9148678,0.06578469,-0.60082966,0.77969617,-0.060154498,-0.872785,-0.92015225,-1.4771644,-0.51029116,1.102692,0.1778298,-0.5297677,0.80485594,-0.8324766,0.09535027,-0.17963037,0.77913064,-1.5772284,-0.85019773,-1.6382457,-0.25959674,1.2114275,-0.5054472,-0.51068395,0.8717244,1.0685495,-0.088571064,0.68471485,-1.0769545,1.3779744,2.1487062,0.5212158,-2.0843315,-0.5582303,0.61282533,-0.421483,1.2721986,0.58815724,-0.7064755,0.03226481,-0.8938332,-0.18258488,-0.55459327,1.1747618,2.116012,-1.4311883,-1.9232163,-0.24517243,-1.5184157,0.046211604,0.7489361,1.4941419,0.20139456,-0.19315523,-1.978385,0.02618515,0.07128726,0.6389568,-0.7084881,-0.4350526,-1.4780023,-2.291293,-1.1084971,-1.5703259,0.3367123,-0.51813406,-0.53823715,-0.984413,-3.2325654,1.5083108,-1.0002705,-0.41242006,-1.4548922,0.9719303,0.14342894,-0.8263653,-0.39222962,1.67818,-0.07296943,-0.18173353,-0.9413815,-1.8945812,-0.16003868,0.3254851,1.0995845,-2.2484965,-1.1250963,-0.5807411,-0.0034808486,-0.14503369,-0.12168869,0.40809605,-0.90329313,0.93414146,0.43345243,-0.31983227,1.600908,1.556416,0.93289536,-3.0185568,1.578945,0.7947585,2.0064087,1.2374645,1.5783427,0.87865484,1.3486933,1.9941237,0.21655473,-1.5722306,-0.3074609,0.3899456,0.07488758,-1.246562,-1.6310676,-0.74116266,0.80773956,1.5803398,0.9165676,1.0574273,-0.080815576,-1.7420825,-0.45522058,-0.25876442,-0.4970525,0.054694865,0.44141975,0.8530152,-0.27811986,-1.9037594,-0.48287773,0.043710396,1.2228079,-0.56780785,0.5125436,0.2900879,0.043900535,0.9305333,-0.66084117,-0.57518643,-0.011900823,-0.6401465,0.5080123,-0.7131923,0.2263042,-0.100172766,0.21492596,-0.45974138,-0.3390883,0.09600927,0.20207451,-0.0042019156,1.7053623,-0.9907369,-0.06420379,-1.573629,0.3720815,-1.1152465,-0.27831027,-0.37206432,0.28089112,-0.55279094,-0.5953057,1.4358565,0.2845668,-0.56105083,-0.25083366,1.645355,-0.23516488,-0.68927664,-0.6849961,-0.5491265,-0.59449774,-1.2796478,-1.1242001,-0.8293204,0.59157103,-0.3812373,-0.2071617,1.2700881,1.2950071,-0.28212494,-0.6308635,-0.8644303,0.6927758,-0.20470724,-0.3864949,-0.81366456,-0.76966643,0.3200582,-1.3154383,0.9948687,-0.53384465,-0.14963594,-1.336978,-0.012365938,-0.32832095,-0.050080597,1.4717089,0.17769805,-0.7946592,-0.7113199,0.59513116,1.2986933,0.28191802,0.6887127,0.6097377,1.4190644,-1.9495902,0.6672189,0.98373604,-1.3387237,4,-1
-0.88566816,-0.85078275,-0.7287902,-0.48171705,0.24260281,0.8656747,1.081317,-0.83782303,-0.844703,1.3158219,0.64674395,0.08286484,0.47333667,-0.029803783,0.5245847,-0.3360667,0.26880494,-1.5105461,-0.6877843,-0.6770112,-0.37439004,-0.92651325,-0.53354365,-1.5144141,0.54870045,-0.08251352,-1.7052076,-0.8348299,0.33660144,-0.5430219,-0.69694144,-0.07459268,0.34359753,-1.4363525,0.55012846,-0.80029327,-0.017927969,-0.035420142,-0.5270661,-1.0236597,-0.28568655,1.6253303,-1.361675,1.6923131,-0.25972116,0.035371415,-1.0867108,-0.77126944,-0.50290966,-1.045695,-0.20891796,-0.4070159,1.8507811,-1.1659741,0.10269052,0.24784628,-1.0703206,0.6868275,-0.39832702,-2.4923897,0.6598496,-1.1169409,-1.0477749,0.6879021,-0.34716147,0.9177722,1.2101661,-0.64492846,0.7932625,-0.7554608,2.233116,-0.692957,1.0260874,0.84379005,0.3160878,-0.67054313,-0.1513975,-2.153588,0.22442004,0.34961534,0.13349941,-2.9733062,-1.2656364,-0.748091,0.29165894,0.28933892,-0.17022379,0.63524556,-1.0262424,0.61023504,0.4747421,0.37755474,-0.18204044,1.8307438,0.49319568,-0.96833587,0.24830547,0.75248337,-0.5881086,1.0892723,0.3820337,-2.3424783,0.29967198,-0.40602916,0.5371798,0.9442148,0.19516204,1.6652522,-0.17870688,0.62481785,0.80494255,-0.09734597,0.7787743,-0.594673,-0.4225684,-1.3124887,0.24140912,0.32525167,1.1792631,0.79114,-0.28479555,-1.1781797,0.4328504,1.1107532,0.75518495,1.0844775,-0.21188954,-0.46661896,-0.73690134,-0.05589647,-0.078590795,0.20667763,-0.12929745,-0.13362773,-0.77669406,0.94161904,0.07651806,-0.17444393,-0.74742925,-1.3319131,1.3079642,0.5546387,-1.6239178,0.7631423,0.9224812,0.124376126,1.5981109,0.21671964,-1.4168235,0.365169,0.2448973,-0.6032969,0.5735588,-1.6676652,0.99056685,-0.8781217,-0.98494613,-0.11382477,0.43297294,0.16392407,-0.74265915,-0.50608927,-1.1330423,-0.2246799,1.0750213,-0.0042629377,0.8594143,1.4554013,-0.58801854,-0.18657325,2.171193,1.4443434,-1.6724045,0.38714832,0.00055999233,0.8264531,-0.7449788,-0.8396084,-0.6760707,-0.57192856,0.8153242,-1.1812012,-0.6226139,-1.7890124,1.0071179,1.2710301,-0.32707343,-0.29794937,0.45322192,1.474482,0.40861076,-0.69754195,-1.6188226,-1.1151263,0.07321945,-0.6553275,0.1949677,-0.55292404,-1.0581465,-1.1770316,1.5623546,0.8889877,1.730518,0.5399509,-0.4299914,1.3233409,-0.033068,0.22084177,-0.04282438,-2.9469042,1.604735,0.49100396,0.32982305,-0.06177606,0.16342781,-0.59727895,0.61657935,-1.3070984,0.18606843,0.56157345,-0.19866914,0.3708678,-0.9913344,-0.96582675,0.23671712,0.67854965,-1.8748657,0.52202064,-0.5432015,-0.19280608,-1.339518,-0.8516172,0.9661253,0.032863375,-0.3827784,-0.11648835,0.48921183,0.4404945,-0.075027004,1.0929592,0.9704626,0.41337204,0.054611783,0.6573211,0.31426743,1.0608001,0.8995614,-1.0182539,-1.0859631,-0.70124954,0.9761387,-1.576309,0.3947574,4,-1
0.36254308,1.1626481,0.1803387,-1.3432094,-0.95935494,-1.1819955,-0.53794396,-0.18290156,-1.1654415,1.470662,-1.3252814,1.3461034,1.185163,0.89830256,-0.6937666,0.3424509,-1.2773712,0.91090703,-0.07398478,-0.4093202,-1.2237449,-2.4775062,-1.0385408,1.1127982,-0.40283343,-0.16932885,0.65555435,1.8056688,1.3250047,-0.972335,-1.9425706,2.3596144,2.2689917,0.1884536,-1.2704883,0.96322656,-0.107983686,-0.112981126,0.89445883,0.33437476,-1.1858149,-0.32474193,0.6611529,0.51025224,0.26201656,0.933423,-0.361717,0.17866978,-3.375579,-0.4496502,0.7639029,-0.39039448,-0.46622738,-1.041453,1.0033659,0.5484633,0.8254146,-1.7262139,-0.16045004,-0.280111,-0.2805717,-0.61602753,-0.34610426,0.8496448,-1.9128513,1.7772948,0.48384112,-0.042331897,0.9068341,-1.4518348,-0.6647009,-0.12107543,1.3655604,-0.04649658,0.45005468,-0.589579,0.48684207,1.6772395,0.9955267,-0.08145599,0.67549086,0.577517,0.5065877,1.1119534,1.1044778,-0.1271586,0.6418791,-0.3830949,-0.9230724,-0.26949376,-0.07627815,-1.661581,0.86033255,-2.7673254,2.714817,1.5018791,-0.2610087,0.009426361,0.30297187,-0.5891604,0.19261914,-0.14399998,-0.09427272,0.18146107,-1.3135278,0.039569724,0.16344775,0.12884963,-0.21583076,1.1378578,-0.35365257,0.2273259,1.2972975,-0.07937614,0.21446326,-0.09638464,1.2373698,-0.25772455,1.2833545,-0.103587896,-0.8594597,0.67937315,-0.30466783,0.6205009,-2.7294044,0.005205262,-0.4596053,-1.0632586,-0.553241,-0.57370317,-0.047985796,-1.3673265,0.31627378,1.3662148,0.2809285,0.80898863,1.0945624,1.2364895,1.8701386,-0.499202,-0.718484,0.7834656,0.7082662,0.7756753,1.8892825,0.011369909,0.42615655,-0.9803882,2.1353211,-0.33654493,-0.30821592,-0.3467499,-0.64489585,-0.72943705,-0.5237043,-1.365796,-0.7853179,1.9489632,0.7356551,0.92590415,1.1772088,1.8341346,-1.7714225,-1.2298831,-0.80372363,-0.4697298,-0.3005694,-0.44697756,0.21930891,0.03529539,-0.72283477,-2.1755488,-0.9928687,-0.5492387,-0.24707943,-1.1296674,-0.49080646,-1.1309874,-0.12581936,-1.0730914,-0.84890467,-1.3086841,-0.15350069,-0.86644775,0.9067843,0.40585026,-0.06985187,-0.7974855,0.3805203,0.6907009,0.14268841,1.6037018,0.4596373,0.91360724,0.13356541,0.6756644,-0.79678124,-0.45839837,0.34936357,0.3420995,0.5076118,1.1003929,-1.4249712,-0.97445256,0.22957264,-0.7243636,3.3777683,0.5157196,-0.07833085,-0.51546925,-0.4801623,0.03014066,0.111981936,-0.45669913,-0.27315223,1.3442845,1.3845049,0.25203398,-1.3412597,0.53850317,1.5542824,1.3697811,0.73442584,1.422423,0.053384274,0.62810296,-0.6807756,0.29226544,1.3295343,-0.5894234,-0.8614434,0.09748894,-0.2266622,0.64914775,-0.45325953,1.7184396,-1.2896761,1.2537348,-0.76484925,-1.7959827,0.23787516,-0.25460798,-1.1096094,-1.6813769,-0.008360787,0.9758369,0.5849535,0.05670665,0.47884756,-0.027214132,-1.4297242,-1.420894,-0.20316853,4,-1
-0.1606533,0.85098267,0.75730425,0.605133,-0.2802827,-1.3806522,0.41207114,0.5251693,-2.3885314,-0.8343382,-0.6910544,0.1183502,-0.80336046,-0.038134567,-0.21053495,-0.15914947,-0.7163943,-0.63898504,-1.0802671,0.38006744,0.5711026,-0.77061796,1.5206401,-0.31460145,1.5301856,-0.64212716,-2.0265777,0.40219784,0.24854511,0.034393795,-0.6422325,-0.034572225,-0.51125944,-0.30234957,0.84163225,0.18421723,0.6099514,-0.2318685,-0.34201735,-1.1534826,-0.3700366,-3.3211145,-0.59022194,-0.08187418,0.5636737,-0.2686779,0.34767354,-2.1797886,-0.05683685,-1.6795028,-1.2083036,-0.18716554,1.276264,0.37120676,0.018230997,-0.01953039,-0.7136289,-0.5439834,0.42737603,-1.3853605,0.59305406,-0.38850707,0.82555705,0.9610935,-1.673084,-0.58158076,-0.8555277,-1.8127279,-1.0325333,2.4412558,0.6095099,1.917288,0.82909846,-0.74184316,-0.3817712,0.5884362,0.4375062,-0.57734203,-1.5099932,3.2877612,-0.14114967,-0.3257389,0.11333446,-0.24272859,0.12272891,1.2869473,-0.12454848,-1.1627104,-0.16164379,-0.46440178,1.4238989,1.1711191,0.107525,-1.2787359,-1.2258923,0.015123261,0.33632296,-0.37462282,-0.4801696,-0.59279925,-0.02339396,-2.3827624,-1.1013266,-0.6270508,1.2075032,-0.8138136,0.18046814,0.22654276,1.2979165,1.2625774,-0.05750297,-0.47548473,-0.6638331,-0.24106322,-0.43403336,0.55362743,0.4203098,0.59180117,1.2592837,1.8628691,0.12466339,1.0994638,-0.3516602,1.185007,1.0615091,1.0084159,0.09406984,-0.66835815,-1.3945284,-0.040037207,1.5330125,-0.3098449,0.78512657,0.8439514,-0.28368622,1.3163449,-2.9086607,-1.2227503,-0.9156323,-0.819715,0.33626294,0.2900378,0.39399058,0.5960815,-0.9501046,-1.218176,0.3963197,-0.6302321,-1.5704751,0.9713443,1.3951019,1.5571609,0.18700773,0.6259321,1.3698683,-0.6414158,1.1106777,0.27539623,0.91371167,0.18609302,1.2962567,0.22352377,-1.4839791,1.4519266,-0.94753075,1.2530582,-0.090242885,1.176011,1.1347686,0.43014297,0.5085353,0.4226286,-2.0138247,0.11833022,-1.1160642,0.17118715,-1.1429425,-1.1849519,1.6049345,1.0694474,-0.0041425847,0.18476865,-0.24791603,0.5698764,-0.67605436,0.99374026,-0.25308684,-0.41984698,0.021713018,-0.5911468,0.32868236,-0.5373626,0.4685236,1.2160065,-0.71932167,-0.13057546,0.4613307,-0.43585736,0.46432057,0.5553989,1.0832617,-0.60599005,-0.94277525,-0.3075774,-0.96775234,0.5644982,-1.1617513,2.3330164,1.2959279,0.01257577,0.8673945,-1.6368018,2.5233734,-0.5902146,-0.12049741,-1.8559333,0.4862873,-1.1063441,0.10165576,-0.54427445,-1.0777439,-0.8043615,0.22578803,-1.2814909,-0.74881166,0.6632734,2.60248,0.47758883,-0.91726166,-0.36711416,0.031589005,-0.34942496,0.9030582,0.21747348,0.9078524,-0.3144438,1.3255002,-0.16648558,-0.97118986,2.1773205,-1.8249778,-0.7387387,-0.62702787,2.5083063,1.8068589,1.4939282,-0.33065867,2.426178,0.368352,0.9772634,0.17969538,-0.049466573,-0.25177866,7,-1
-0.20964,0.60849166,0.3671998,-0.03147137,1.509524,-2.966753,0.5098872,0.7177387,1.1469629,-0.06487144,0.20792007,0.9859484,1.4911664,-0.30053598,0.2669758,1.678574,-2.124027,-0.6900126,1.4658359,1.0925379,0.5224452,-0.44859686,-0.8818185,-0.5912156,1.5480082,-0.6284427,0.101422966,-0.75370765,0.84277403,-0.5387263,-0.09759389,-1.6833822,-1.6133683,0.0076731932,-1.3251572,2.1050866,-2.0615232,-0.8001753,0.016700868,-0.36513293,-1.1041454,-0.9579278,-0.99065405,-0.2867217,1.9519291,0.0779373,1.1829005,0.50697637,1.1138624,-2.7999642,-0.30445802,1.3071355,-0.5717358,1.7624731,1.4838902,-0.46913072,-0.5031635,-1.0136058,-0.6295942,-1.232589,0.4288112,-1.4560465,0.603733,0.6280787,-1.6612045,1.5498186,0.5136093,0.74969804,-0.7586652,0.6223791,1.1263934,-0.0986084,2.0019224,0.044064634,1.1407858,0.2930088,0.5855215,-1.6713322,0.37105373,-0.7349751,-0.8463983,1.7441032,-0.21377026,-1.0033019,-0.35913163,-1.3004502,1.4338845,-0.69568074,0.5292999,1.3561068,-0.5001527,0.5320224,-1.030086,2.4457695,0.93638015,-0.19260643,-0.7728337,-0.11399655,-0.33998373,1.9529445,-1.2255347,0.13480142,-0.018338067,-0.1174103,-0.10861666,-0.11607081,0.87306607,0.6089845,0.4189116,-3.0339894,0.29979488,-1.6556394,0.64632016,1.4744973,-0.92623913,-0.2617807,-0.5993557,1.2354318,0.09502789,1.7283294,0.4137542,0.24245018,0.06820678,0.8179921,-1.7376862,0.08534396,-0.07004645,0.7254188,-0.18770161,-1.0387344,0.007350675,-1.0828406,-1.9252622,0.7271225,0.57906157,0.46709093,1.3029284,-0.6650319,-1.4311142,-0.07002978,-0.3475003,-0.8422957,-0.079849154,-0.61160517,-1.8360053,-0.44117668,-1.1363752,0.23164807,-0.65603477,1.1116315,1.6038661,0.6793814,-1.5510262,1.505196,1.5757204,0.018790511,1.3229262,-0.55167514,-1.866246,-0.7602844,1.7293009,-1.4910799,-0.00047871808,0.034143895,-0.51297426,-0.4435216,0.07224914,-0.56216234,-1.4220585,0.21503194,1.0733666,0.8695725,-0.8097355,-1.251228,-0.28418788,1.5677915,0.64559805,0.70396465,0.88985693,0.42076656,0.120608546,0.6623069,-0.5461661,-1.414463,0.72299695,1.2377381,-1.1182319,0.82192147,1.6807657,-0.0022462017,-0.81800216,0.123018675,-0.55053395,-0.6167301,0.43318406,-1.6037295,-1.443929,0.019290881,-0.02230854,0.3435546,1.8752254,0.10451403,0.5981721,-0.97553295,0.76793766,-0.52639085,0.07142083,-0.108848624,1.0329742,-1.3099766,-2.2832386,-0.2134327,0.46853125,0.15226938,1.2322042,0.43737268,-0.5638483,-2.3254201,-0.23731223,1.027959,-0.3920478,0.028320264,0.42136025,-1.0152924,0.6232359,1.6371218,-0.17281336,-1.1290644,-0.06660103,-2.224384,0.33690327,0.45227438,1.6756363,-0.19399479,0.40848535,-0.86128813,-0.35642713,-1.5251855,-0.19478962,-0.30530915,0.29919976,-0.6235969,0.08334535,-0.33338004,-0.3314994,0.08036233,0.04052294,0.761174,-0.120643035,-0.34988534,-0.18080744,-0.7146641,-0.35991108,5,-1
2.0311587,-0.9126788,-0.27865633,-0.38748866,-0.24717161,-0.3312393,0.2792401,-1.7101752,1.0371715,0.6325828,-1.2428716,-2.2690773,-0.9770721,-0.24266647,2.580292,0.54325694,-1.8075897,-0.6896555,-0.053212438,0.25368357,-1.3147489,-0.13499023,-0.71763915,-1.1037586,0.25959563,0.77387714,0.84104127,0.57438636,-0.49736953,0.7145498,0.30905443,0.13394189,-0.61169314,-0.49687612,0.07388694,2.4398744,0.30124247,-0.61118853,-0.8323895,-0.4917666,2.1772935,-0.39925665,0.90687054,-0.37592825,0.26118454,0.79174525,-0.5719029,-0.6411117,1.6588697,0.9845929,0.7906723,0.78727627,0.45957547,2.0177758,0.0439083,0.57726234,-1.450913,-0.8249607,-1.200819,1.2740636,-2.55254,-0.40231,-2.9937067,-0.8312879,-0.49094895,1.3848711,0.39662793,-0.8331415,1.0659637,0.017832255,0.03756686,-1.2026715,-0.9900137,-0.8250973,0.046461273,0.077885725,1.5440927,0.38505515,-2.7075658,0.262642,-1.4500164,-0.96597093,-0.8121695,-0.6633383,-1.3751494,0.203482,-1.4108022,0.3566676,2.2369711,-1.329359,-0.2845103,-2.5234573,-0.3009353,0.6427171,0.7206392,0.07736373,0.88926345,2.5460546,1.7123047,-0.5225209,-1.451104,-0.4061514,-0.94698274,0.45134756,-1.1811936,-0.07282243,0.83801407,-0.10069587,-0.9463138,1.1748141,-1.878981,-0.32779506,-0.041660022,0.015908659,0.18049605,0.61043984,-0.03540744,-0.3680583,-0.40758935,-0.6115158,0.7875433,-0.6465285,0.8467711,0.018999083,-0.5212548,0.6184072,-0.72745395,0.638184,0.21272612,-0.5963247,0.5286348,0.54658973,1.1575196,0.966147,0.49127403,-1.1275909,2.448587,-1.4036162,0.94926316,0.43128383,-1.1741424,-0.12430094,-0.07875288,1.3055828,-0.7133109,-0.261945,-2.3360696,1.7347628,-1.0704682,0.32691085,-0.10140783,-0.098000966,0.80986196,1.6712625,0.25149366,0.655078,0.32889155,1.0175314,-0.46291637,1.0753906,1.1104999,1.082537,-0.66014785,-0.16833763,0.239467,-1.3708421,1.5949202,-0.012276533,0.2839279,-0.57700443,-1.3268776,-0.6040299,0.21920419,0.67342883,0.16179153,0.346724,-0.3370264,0.49624857,1.4828329,0.70478946,0.8095419,0.2940164,-1.5031551,-1.0446665,0.4548758,-0.010939052,0.43984288,1.6764234,0.726036,1.2588862,0.09468139,-0.8072157,-0.05786616,-0.8047518,1.558295,0.7903911,0.5205125,1.2359432,-2.0200565,0.5881379,-1.3106458,-0.0072556986,-0.3117076,0.6617366,0.2281873,1.3451172,-0.6018972,0.7091144,0.16222322,-1.6352903,-0.9186165,-0.14987804,1.1122924,0.46372306,-1.1675009,-0.14031623,2.0178065,0.11122333,-0.32732558,0.49173963,0.7633931,-0.45616835,0.5025748,-0.3288895,0.7193276,0.16969316,0.48196784,-0.7591835,-0.8212864,0.94549733,-0.07939638,0.28503475,-0.30639544,0.89872676,-0.60780996,-0.13560124,0.7859928,1.1729677,-0.5237593,1.959684,0.3132417,-1.0429282,0.36905205,-0.3829992,0.4340685,-0.042856246,0.07427369,-0.9115934,0.9900612,-1.1561273,-1.1087649,0.36736035,1.6028442,3,-1
-0.3525931,0.7009723,1.0733402,0.81468445,-0.31120828,-1.0910467,-2.2075477,-0.2628405,1.1780874,-1.124166,0.70020986,-0.9501525,0.106072575,0.7077916,-0.6594954,0.17048468,-0.41509134,0.70514864,0.23531717,0.056507673,1.55835,0.66230613,-0.69035184,-0.0858639,-0.07589878,0.080319576,2.5245092,0.3708519,-2.0359025,-0.542799,-1.9323721,-0.32979825,-1.9873102,-0.8715905,-1.5207216,0.3841602,0.0005393626,0.3029623,-0.10455139,-1.3942977,0.5135214,1.9222245,0.4092126,-0.4259246,-1.4280672,-0.908067,0.45303965,1.073118,0.26086617,0.7998873,0.70767826,0.5065344,-0.6584736,0.1739235,-0.8483778,0.017428953,0.33086354,1.6787838,-1.309732,0.48150763,1.4812366,0.7588478,0.83294547,0.5876949,1.2983345,-1.0874782,-1.3859267,-0.0063341404,-2.1611621,1.2306458,1.2207152,-0.43335056,-0.3707706,-0.07234748,0.05202065,0.12717392,0.5582321,-0.17262635,0.9431933,0.44594777,-0.60696346,1.3351127,-1.3582569,-0.09216581,0.9669174,-0.7230731,0.30955565,0.5433396,-0.8605239,-0.07247772,-0.15650383,-0.55173784,2.3016748,-0.76310635,1.0049303,-0.39280102,-1.0866362,0.10281424,0.6490934,0.9205096,1.5622652,2.9452462,0.2505142,-0.6630922,0.45287433,-0.26621294,0.92596614,-1.2971643,2.3683345,0.8560481,-1.6840041,-0.7090289,0.81608105,1.176344,-1.2722377,0.71302587,-1.9473399,-0.089335866,1.1120468,-0.55151576,-1.5069222,0.1462148,-0.60471886,0.6295584,-0.88532645,-0.7726369,-2.0210023,0.16994472,-0.16090494,-1.1883847,0.19379872,1.0270703,-0.21556795,0.26816696,0.27331126,-1.2043298,2.0565858,-0.47084984,0.6561162,0.7692153,-0.13959512,0.606795,0.24581923,-1.4176397,-0.3322727,-0.6125509,-0.46174505,-1.3040031,1.1264337,1.6019926,0.97800297,1.2705293,-0.34463483,-0.6362568,-0.77858704,0.6440649,0.22706306,-0.077221714,1.2951485,0.40494135,-0.8386576,-0.68090886,0.6819933,1.0417329,0.5516802,1.8968887,1.6350071,0.44103584,-0.83858067,-1.3099875,-0.38738173,0.75321347,1.826647,0.41744703,1.1687227,-0.24530749,0.6227691,0.8233568,-1.9795942,-0.4134388,0.94970036,0.27446833,-1.1965151,-2.4301224,-0.36578074,-0.07158569,-0.88392293,0.14308494,0.50638676,0.6706872,-2.355919,-1.314285,-0.30462265,0.5721731,0.489234,0.47186995,-0.38341793,-0.32763344,-0.72832924,0.76819414,-0.9204888,0.8500364,0.20785324,-0.045044478,-0.6567104,-1.3555418,-0.64765275,-0.33000687,-2.3690243,-0.19735515,0.92435735,0.5672179,-0.49620587,0.0469363,-0.55616456,0.14876074,1.5401078,0.9684988,0.52079433,-0.4928849,0.74993837,-1.6868769,-0.2523535,0.58371145,0.74042124,0.6698845,0.29483068,-0.19572498,0.53797597,-0.952861,-0.84467727,0.061734676,0.17319764,-1.8256152,0.45514637,0.7727284,-0.07728524,2.3744662,-0.6829351,-0.36108717,-0.39506692,-0.07618761,-0.3287248,-1.4068105,-0.5465483,-0.097620696,1.2285721,2.2022433,1.3354739,-0.775379,-0.6958096,-0.15932858,1.7845589,4,-1
-0.16542405,-1.3275075,-0.50117713,0.757056,0.6899403,-0.20021667,0.6834147,-2.2731721,0.103829235,0.8606854,-0.8328633,-0.8363385,-1.8664482,1.5898956,-0.720154,0.24104328,0.60391706,1.5120679,-0.15389778,-0.5394298,0.17306764,1.2840803,-0.17017253,-0.9548691,-1.5407578,-1.2212974,0.8643915,-0.32062447,-0.60752094,-0.71596724,0.08504586,-0.23945509,-0.27313215,1.3493239,1.5380163,-1.6100217,0.32759273,-0.7768621,-0.24825111,0.3092784,-0.21271992,0.23045988,0.67297024,0.2945768,-0.6468363,-0.6291996,-1.4397053,-0.8539203,1.9620683,-0.7920036,-1.1933788,0.31992787,-0.11036476,-0.19559324,1.4090459,0.5491267,-0.52999294,-0.4244759,-0.50258654,0.87473965,-0.30814764,-1.7931535,-0.04831968,-1.537026,2.1842306,-0.9656679,-0.16186477,0.25820273,-0.28865817,-0.2900304,0.4218273,1.5262159,0.7675091,1.4785138,-1.046619,0.31736264,0.15524605,0.3510913,1.376232,-0.22078915,-0.40550336,0.5339808,-1.7782028,-0.23685205,-0.13419768,-0.9203586,1.057059,-1.0622404,-0.13587305,0.29315722,1.3534516,-0.010556435,0.9361536,0.7005954,0.12345756,-1.0895134,-1.4345808,0.1065054,-0.5426969,0.9192611,0.7458565,-0.184611,-1.1577129,0.5107356,-1.0179495,-0.7584639,-0.9794157,-0.13850102,1.1701924,-0.00504087,-0.44321868,-1.525615,0.55212456,-0.7804046,0.11751762,-0.3542186,0.8381772,-0.1572364,-0.058926355,0.48574716,2.1069403,0.8884469,-0.088606104,0.0031979906,-0.5248595,-0.9499957,-0.55275077,-0.77214897,0.6533684,-1.0711949,1.3332106,0.7520464,0.02050173,0.00031861148,-0.5572813,0.2700844,1.0880924,-0.7031565,-1.5333921,0.7032183,0.32436597,-1.1201988,-0.73339134,-0.8591043,-0.72453225,-0.32368276,-0.2665473,-0.6507937,-0.7581638,-0.22878434,0.16769153,-0.31629655,1.158667,0.5080877,-1.5908458,0.5237278,0.605544,-0.43473497,-1.4951975,0.008066759,-0.0077086515,-1.1216463,-1.4512192,-0.087553546,-0.2330772,-0.41726536,-0.08341073,-1.1027764,-0.43482062,0.533325,-0.34997007,-1.6719725,-0.47269228,-1.0701585,0.2671363,0.3188374,-1.6587746,0.759013,-1.1121863,1.5591823,-0.048776265,-1.2463934,-1.141986,0.3480953,-0.3912999,-0.09665391,1.6127802,-0.6992441,0.059962858,1.4198445,0.27051347,-1.6066028,0.50538903,-1.1630028,1.4068075,-0.82286763,2.9695096,1.467376,-0.79661256,0.020013805,0.7536443,0.7836605,0.44233626,1.252159,-0.12296895,-0.36671767,-0.34686399,0.8583732,0.36518103,0.29128367,0.79523426,-2.0510523,0.31006882,0.21856889,1.6688081,-1.5285879,1.5571866,0.07540913,0.48898953,1.6759188,0.5607613,0.4003683,0.24229118,-0.48347813,-0.028489124,-0.71551275,-0.0445669,-2.3359306,0.42903957,-0.12173726,-0.33620372,0.21975808,-1.433564,1.92927,-0.10276746,-0.14584443,-0.9653962,0.023946382,1.3869599,1.0359162,0.85443777,0.54639894,-0.35854253,-1.4501631,-0.20103878,-0.23587146,1.0487944,0.30939046,1.6123115,1.1974885,-0.4564956,-1.7951292,1.3855752,3,-1
1.3593853,-1.3662115,1.50924,0.38211718,0.1606855,1.6147833,1.3446852,0.65133095,0.47321707,0.6163943,-0.40005744,-0.05510145,-0.90231717,-0.3330398,-0.3666339,-0.63530535,0.1367465,-0.32398084,0.5022347,-1.6223207,-0.113354795,0.13155164,-0.31062925,-0.1723927,-1.585246,0.3564771,0.64760596,0.4935373,1.038727,0.2015296,0.47868118,0.15609074,0.6875507,-1.5772296,-0.893581,1.5868996,-2.4604359,-0.14017794,1.172275,-0.09326067,-0.40501106,0.12942168,-0.35312018,0.030849492,-0.683381,1.1086744,1.423265,-0.13339032,-1.3864894,-0.52384317,-0.18398866,0.5055389,-1.0080132,-0.7691623,0.51067615,0.9389088,-0.6215941,-1.333217,3.2841182,0.7833042,-0.26700377,0.86903125,-0.12445663,0.86715686,0.15939319,0.0912719,-0.113581866,-1.4473814,1.9380949,-0.9415339,-1.3600236,-0.21285988,-0.9614718,-0.051712792,0.68776387,0.9953029,0.8147307,-0.30563205,0.04959183,0.40787905,-1.7577875,0.5705847,-1.4572992,2.0403466,-0.4045151,-0.18487518,-0.7697071,-0.62997,2.2740936,0.94036967,-1.5492024,1.5042129,1.1932423,-0.28121245,0.30669695,-0.014944079,1.97258,-0.79629016,0.14601061,-0.42814532,-1.4330404,2.1916382,-1.1815666,0.22012919,-1.7407006,-0.39907053,0.42196882,-0.824734,0.5868018,-0.2690411,1.1600825,1.3617609,-0.5867448,0.07673286,0.18345423,0.6193493,0.014381996,0.19021095,-0.24340647,0.115239866,1.2979401,0.64608324,0.7012556,0.7230703,-0.15380877,0.31882703,-1.0851737,1.2688076,-2.7829604,-0.08714839,1.140896,-1.3638679,0.39977992,-0.68076646,-0.36880326,0.945941,0.19805692,-2.0343559,-0.9764255,0.9753357,0.44894272,1.7481356,1.6826476,-0.34224513,2.5032377,0.02447967,-0.96266854,-0.6336399,-2.256725,1.6070191,1.594762,-1.0155075,-0.2278843,0.09560754,-0.9603531,-1.755102,-0.2103576,-0.32107943,-0.38841125,0.22271606,1.4295197,-0.30309272,0.170443,0.72687054,0.55414295,-0.6144235,0.09637712,0.54753983,-1.1283513,1.263539,1.4315889,-0.7227802,0.19367002,0.64227825,-0.5456142,0.48161384,0.16325563,-1.4679182,0.4591613,-1.1001424,0.93920285,-0.67121106,-0.16128543,1.3722789,0.49638164,-1.079474,-1.0149165,-0.59930277,0.39464408,0.35829982,-0.8431023,-1.1672095,0.2815834,-0.18186006,2.1572158,0.036603656,1.8142529,-1.1703836,-1.573213,-1.1200851,1.1891298,1.7561016,-0.7821795,-0.46056604,-1.168981,-1.8116399,0.7184117,0.2230203,0.010487983,-1.4000565,1.6399567,-0.50335675,0.53362644,-1.4545614,-0.19052519,0.29137444,0.3270752,0.15464854,0.49452248,-1.1305205,0.1973726,0.113757685,0.23167269,0.07234522,-1.2732128,-1.3177998,-2.2142682,0.8175345,0.8276575,0.84355026,0.30678996,-2.133119,-1.0267105,0.17041542,0.135518,-0.22274822,0.3689172,0.011651708,0.12077046,-0.6390653,0.98201096,-0.43077162,-1.3306491,-0.770999,-0.3484662,0.99400276,-0.042267997,-0.18614823,-1.2486634,0.7854826,-0.65195215,-0.10002786,1.4801831,4,-1
0.5087633,-1.628254,-1.7695103,-0.064310454,-1.2127407,0.64854676,0.042263065,0.16538477,-0.7067432,1.7413837,2.8425937,-0.27858472,0.35303923,0.09741734,-0.25968686,-0.83207047,-1.084968,-1.1355972,0.40524003,-0.5196745,-2.5782928,0.44485822,-0.038261283,1.346673,0.3731224,-1.4786736,-2.2296767,-0.7194724,-0.6251074,0.9431592,-0.008870932,1.1336884,-1.324833,0.9652644,0.72098917,-2.018234,1.3226179,0.09345849,0.3920445,-0.8648961,1.275247,-1.1858523,0.83209205,0.8206075,-0.9741674,1.9833736,0.23152848,0.65389264,-1.5271208,2.11773,-1.2245569,1.0248865,-0.9947717,-0.6189888,0.78875405,1.0275527,-1.2712842,1.0904722,1.0449805,-0.9379534,1.5986476,-1.4568577,-0.6247726,0.47900262,-0.8535663,0.2638191,0.24107608,-0.18707427,0.83240056,-0.22836079,0.23154107,1.1464719,0.7906862,0.7860173,-1.1491796,0.52479255,-0.8784988,-1.281415,-0.07170635,-0.9042952,0.7906177,0.81453544,-1.9026263,-0.82830256,-1.4597867,-0.4626293,0.45517567,-0.2422881,-0.58975923,1.3001765,-2.3048573,1.2368718,-0.5442883,-0.07810901,-0.52736336,1.5428882,-1.2309785,0.01173637,0.52743864,-1.6110028,-0.91989815,-0.14817853,-0.88666505,-0.81559175,-0.34986266,0.6495813,-0.34271777,1.0784262,-0.9977578,-1.2519222,1.9263453,-0.65795815,-1.310912,-1.742054,1.0751034,-0.3413045,-0.25370973,-0.15920171,1.0129429,-0.17952983,2.3440537,0.13376057,1.0617847,0.80523986,-0.03644732,-0.586971,0.33196393,0.51009876,-0.57258606,0.16633886,1.236205,2.0699477,0.85436934,1.8627597,-0.6293742,0.70188224,1.3385195,-0.89633334,-0.4855901,1.7379048,-0.97509885,-1.34113,1.5279815,1.1967633,0.43212023,-0.045710754,-0.4385245,0.28194886,1.5798069,0.23856613,2.1669593,-0.897942,-0.019680755,-0.37305868,-1.0851415,-0.15308373,0.4173293,0.5242302,2.170452,0.46446747,1.1501368,0.06609425,1.6780556,2.3984492,0.53108513,-0.99265903,-0.548805,0.2819343,0.45649803,0.6984251,0.4601977,0.006984916,-0.63619846,0.40113828,1.8549874,1.0199286,0.53470397,1.0295669,-0.37106404,-0.50826514,-0.7477851,-0.12528662,-0.4220059,1.2082747,-0.4753234,-0.80272174,1.9425771,-0.45137522,0.15352845,0.45132282,-1.1366931,1.2354838,0.63711905,1.5583841,-0.6792219,0.099125795,0.039355755,0.2638885,-1.4546148,0.11083638,-1.426464,0.35833406,-2.1286492,-1.8515868,0.81854874,-0.54683846,-0.98785806,1.2708457,0.32762623,0.8720902,-0.16624208,2.6796286,-0.6045139,1.7444955,-0.06136604,-1.6545104,0.48284873,0.31476256,-1.0513219,-0.9222193,-0.024697643,0.3497478,-2.4706633,1.0531214,-0.49449798,-1.3317475,0.94106656,-0.02361798,1.2161658,0.43795225,-0.0015145029,-0.15272994,0.48271275,-0.41353127,-0.85257256,0.6099091,-0.14448784,0.03356765,1.0893798,-0.11387661,0.015033926,-0.5996495,0.43073994,0.34982792,0.90077513,-0.57912886,-0.45781696,0.7921374,0.252213,-0.9062181,1.3065541,-1.6984506,0.7842848,1,-1
-1.265212,1.8857886,-1.5445998,1.1522506,-0.08163436,-0.36660257,0.18539666,0.6319003,-0.9044005,-0.81578773,0.64960486,-1.707343,-0.5842291,3.0406868,-0.968013,1.1478028,-0.5859508,0.5090451,0.6543557,1.1289568,-0.20025383,1.9888847,-0.5893366,0.23422042,0.24527693,-1.1219682,-0.28587225,0.16151349,-0.43212104,2.440924,-0.8386237,1.1794245,0.8564598,-0.013862135,-0.86520904,-0.7682553,-0.5179673,-1.7857413,-1.0034654,-1.4824765,1.345875,0.6184624,0.7859741,0.58883196,0.16696763,1.4606804,-0.61076266,0.10666966,0.7470588,-1.3212092,3.0965889,0.028565763,0.14198945,1.256878,0.9149553,0.03807802,0.13012944,-1.5041485,-0.5564658,0.51721025,0.44389284,1.2211658,-0.12050106,-1.3872865,1.0567304,1.4360894,0.89824456,-0.16363367,1.044386,3.4289105,0.115152314,-1.3117367,-0.58628505,0.625476,-1.6048043,0.16940308,0.38033664,1.5351218,1.3101948,0.8645848,-2.162679,0.9210531,0.70551336,0.25594437,-1.7302221,-0.7767739,-1.1668228,-2.0150084,-0.0029151514,-0.7978221,2.6253057,-0.16877194,1.2937531,-1.5690991,-0.53008956,0.09689788,-0.90815395,-0.42220068,-0.21795091,-0.23390798,1.8551186,0.37822628,0.47951058,0.5396548,0.6126264,-0.08288699,-0.32074636,0.16681606,1.156804,1.1262382,-0.24039848,0.7678437,-0.19458467,0.033870548,-0.47352338,-0.18164514,1.34133,0.092421144,0.1352825,-1.4472178,-0.30924392,-0.2413149,-0.82914346,0.021665411,-0.4291823,0.079995856,0.12150301,-0.95575434,-0.3987018,0.07737428,1.1842995,0.25671917,-0.66193515,0.39900476,1.7075489,0.91670644,0.54752654,0.72559017,1.439954,1.0756269,0.56676036,1.0686423,-1.0816511,-1.5022652,0.15709865,0.06868071,-0.54391,0.8258527,-1.8628635,-0.5347723,-0.48495555,-1.6363018,1.494731,-1.3592013,-0.58834004,0.9079798,0.6460453,-1.1081747,0.6824892,0.2897845,2.3330355,0.4039404,-0.14124182,-0.85650194,-0.7442434,-0.82576907,1.3710988,0.017969916,0.5652471,1.5142477,-2.3584642,1.2788738,0.05539691,0.43504837,-0.82840323,-0.7551244,0.48884588,2.3845978,1.0033133,1.265523,-0.19200127,-0.6002042,-0.78080493,-0.4882737,-2.0527825,-0.7249193,-0.56035316,-0.17535818,0.1317501,0.36245087,-0.014925373,-0.5814431,-1.9633586,-0.5753086,-0.9724506,0.46606675,0.9092874,0.9385711,0.75695276,-0.13352573,-0.52195555,-0.74710274,-1.5074989,0.9918537,-0.17471103,-1.2463403,-0.82649136,-0.86697346,0.043024484,1.0674678,-0.34798956,-2.2525334,-0.18918033,-0.1561939,-0.22492023,-0.6274612,0.21743909,0.06614111,-0.024830313,0.41264138,-0.42983282,-0.48658568,1.3801233,0.55935544,0.8269461,1.2261046,0.5259442,0.92838866,-1.5793451,0.20415387,-0.18271846,1.6776841,0.9276455,-0.6304452,0.37279415,0.16768134,0.45433143,-1.0188425,0.36001647,-0.22815135,0.28244975,-0.72438514,-0.58506316,1.1738421,-1.0515475,-0.9777544,-0.051581256,-0.7718904,-0.88502866,0.10507597,-1.5050658,-1.0079622,2.0540955,7,-1
0.45947507,-0.7465634,0.41821507,0.5673305,0.99441445,-0.12715603,0.9764977,-2.0384464,-1.0563082,0.16387141,0.32963353,-0.91178226,0.25941998,-0.6238403,-0.2769591,1.0247738,0.9089375,-0.9970603,-1.0572515,-0.4111734,-0.026746301,-0.6578985,1.0406425,0.34738985,0.4060851,-1.2665389,1.1672907,-2.8201687,0.8340554,0.93431175,-0.43240118,1.2729102,-0.06309755,0.062431704,0.3395288,3.186575,1.3444339,0.7011312,-0.9128045,0.14358982,-0.8131241,0.82211083,0.14046697,-1.1245217,0.08112458,-0.84941745,0.15121622,-0.85907733,0.027487634,0.75046986,-0.053051993,-0.39088827,0.20327622,0.6971826,-1.1071832,0.26065615,1.3175408,0.573657,0.057754148,0.6397375,0.45249647,0.75360113,-2.0239315,-1.5534562,1.0048292,-1.5052792,0.40153864,-0.35204965,-0.99618924,0.34964976,0.2010335,2.1103427,-0.62481123,1.4401101,0.35242292,-0.6610219,0.79924643,0.5657385,0.035843294,0.26629534,-0.596987,-0.8257871,0.75944215,-0.22393942,-0.080083,0.2798216,0.26528835,-1.4293264,1.2862521,0.12118215,-0.20265326,0.430846,0.2365422,0.76706266,0.53798366,0.7178462,1.3509939,0.88362455,-0.16048622,-1.1229012,1.6677979,-0.23772338,-0.47310743,-1.7367268,0.3384731,0.1488866,-1.5151149,0.45327404,-0.49819192,2.690315,-0.5693612,-0.43519333,-0.87477624,1.2778765,-0.3727758,-0.72491413,0.706955,-1.380353,0.62511057,1.7813997,0.56660783,0.6378983,0.8700602,1.709708,1.209894,0.43966973,0.9038914,-0.88593495,0.7762936,-1.005556,-0.36702242,-3.0825622,0.40142965,-0.643872,1.1111453,0.3901926,1.1240959,-1.0835966,1.038386,2.1058564,0.7641583,0.790349,0.16959767,-0.52466875,0.7611924,-1.5060829,-0.41775513,-1.7710568,-0.7036564,0.6420451,0.5053934,0.050913695,0.17040099,-1.8858646,-0.3725623,-0.6813516,-0.6590597,0.5995786,-0.8605073,-0.60468084,-2.0870693,-0.29412317,-1.0878376,0.07920293,-0.95110804,0.10454225,-0.14468576,1.6720418,0.49721798,-1.8396379,-1.2648889,0.05520801,-0.92984796,-2.9683685,1.3495463,0.720224,0.5209769,-0.60732305,0.42767677,-0.7043603,0.2048573,-0.92058325,1.5162884,-1.5702367,1.2322838,0.038915828,-0.489467,0.16700292,0.733348,1.3667468,0.31314301,-0.8906961,0.055630125,1.8167932,1.3476781,0.90876347,0.795687,0.6994501,1.1587548,-0.4566288,-1.3550861,0.0690035,-0.8175816,-1.0550208,-0.72027856,2.485314,0.13612464,0.36190784,-1.2223628,-1.843753,-0.81905264,1.4381956,0.33427545,0.5985951,0.73856604,-0.59134936,1.3879656,-0.6328076,1.4062324,0.44230217,-1.7890451,-0.7480095,-1.7849386,1.1632822,-0.024735421,-2.2283425,0.37574688,-0.5371643,-1.4838059,1.6779659,0.107285865,-0.2934314,-0.3994248,-1.5132794,-1.3045489,1.2849168,-0.47388288,0.022067701,-2.0443304,-1.318092,0.6098125,0.37771177,1.7533752,1.3429563,-0.23071097,0.47295356,-0.31660345,2.0548098,1.1490147,0.1696851,0.20039478,1.4448503,0.57957786,4,-1
1.558628,-2.1936479,0.46122825,-0.51543486,1.7563779,1.5463986,0.032835808,1.535631,1.7831146,0.07440667,2.4719338,-0.031341154,-0.21452095,0.86587256,-0.35379073,0.08533978,1.4094344,0.019218853,-1.6950178,0.36731938,-0.6962936,0.86527115,0.6961897,1.4714004,0.9075323,1.0902443,-0.66909677,0.8039865,1.9684513,-0.6886499,1.7997383,-0.5493501,-0.85197127,0.29620045,0.71591043,0.91175014,-0.9617624,0.4345401,-0.68555456,-1.4889222,-0.9287363,-0.7509004,0.5215952,1.1522137,-1.4732066,0.35196108,-1.1766982,0.6290854,-0.62273055,-1.051329,0.7996645,-0.5869226,-0.31596395,-2.219989,0.9465514,0.82090855,0.005457844,-1.527581,1.2093692,-0.6662634,-0.45335346,2.3120441,-0.70363647,0.74221,0.56209224,0.39017218,0.28200054,0.37638855,0.2719406,-0.051918358,1.5112832,-1.3126606,1.0214581,0.8223423,0.6983991,1.1169795,-0.09259939,-1.8689741,-0.07229266,-0.9911942,-0.7318592,-1.2424197,-0.47734487,-0.5966237,-2.37757,0.7002219,2.220322,0.6062372,-0.20292395,-0.054746397,-0.42098588,0.090041585,-0.037008096,-0.8410484,1.6828884,-1.4871542,0.7183315,-0.10119763,1.9008318,0.3408646,-0.35990554,-0.2477072,0.039906695,-1.1427907,-0.76686954,-1.7849439,-0.9229769,0.093906485,0.30017504,-1.9793297,-0.13721171,0.5634099,-0.16291219,-0.63378865,-0.41216114,-0.5407634,-0.63673055,0.17382352,2.3076882,-0.7436999,-0.31814262,-0.05169794,-0.68735445,1.0982358,-2.3708854,-0.53105915,0.8183137,-0.2940943,-0.820839,0.44075677,0.9063432,0.21063544,-0.80122036,0.4562033,-0.4020493,0.74518687,1.4832588,-2.6055768,0.111067474,-1.735734,2.4417887,-0.46812454,0.74637324,-0.03531686,-0.80308455,-0.92205304,1.5856792,0.95593804,1.9435841,0.055453334,0.2879196,-0.26719156,-0.2870822,-1.0418869,0.08401019,-0.7892466,0.44190893,0.17001022,0.28768206,1.6751299,-0.03771795,0.756727,2.0515094,1.306617,1.1531698,-0.30668822,0.22964306,-1.3182763,0.4989144,0.27446017,0.023385124,1.0271947,-1.2077749,1.6348629,0.9017647,-0.07063398,-0.1487296,0.4806112,1.5208513,0.10160772,0.1440309,0.018118478,1.7820241,-0.3688831,-0.029507598,1.4634356,0.14701083,1.1370589,-0.91128004,-0.20529252,1.484434,-0.67633975,-0.15129904,0.25668523,-0.9891545,-0.4138101,0.112636685,0.046681736,1.280352,1.5414572,-0.8560849,0.11126852,0.67424834,1.5163474,0.7184903,0.2909134,0.66654253,0.6737688,-0.9277143,0.1927988,1.459161,-0.20735677,0.12944664,-0.24251644,-2.3138595,0.020590177,0.30179194,-0.5124934,-1.154637,-0.8806065,0.76418763,1.9725248,1.3824333,-1.344346,0.8546273,-0.66316235,-0.58226705,-0.4619756,0.70606697,0.9592534,-0.098031074,-0.08107074,0.46426374,0.56799453,1.1762257,-1.284372,0.02002734,-1.0680244,-0.05094228,-0.2261753,-0.046749454,-0.7997429,-1.4872898,-2.0944376,-0.13118015,-0.4310011,-0.67593765,1.3225485,-0.8594382,1.4168341,1.6238438,-1.9509004,0.09238146,3,-1
-0.3996965,-2.911804,-1.4446412,0.7749361,2.0191994,0.90267813,0.32363248,-0.021332381,1.682663,2.1482391,-0.58684266,-1.9999865,-2.0981874,1.3218809,-0.04705854,0.1832419,-1.790651,-0.7531889,-0.29548082,0.20783839,-0.39859203,-1.0373262,-0.784567,1.2083232,0.24478462,0.6121568,-0.8988738,-2.9538236,-0.5231043,-0.86657053,0.34901226,3.2857237,0.695166,2.7359602,0.5687697,-0.6298862,0.34791607,1.7806386,1.8295625,-0.57533735,0.2531837,-1.4292669,0.82466865,1.5533547,0.039799456,-0.667384,0.36013097,0.41745904,0.08114383,0.17871512,-0.17381485,0.99595493,0.73622745,-0.98310316,-1.0105906,-0.2543744,0.73683715,0.14805742,-0.6431504,0.2615186,-0.33081052,0.8804865,0.33305845,-0.3152782,0.23151878,1.3150481,-0.5696301,0.40265697,-0.07046034,0.42698368,-0.6545649,0.11033543,1.1078233,-0.937007,-1.3294051,-1.2914555,-1.1706625,0.59532326,-1.4058597,-0.29789534,0.6182893,0.41665906,-0.385559,0.19092374,0.10714533,-0.22424096,-0.21083471,2.2354274,0.8093109,2.480651,-0.49696314,-0.0849666,-1.3321258,-0.8095668,1.9019132,-0.5220343,1.9192812,-1.2433623,-1.0534691,-0.34123123,-0.063749924,0.9230873,0.4507704,-0.41631526,-0.1333158,-0.31906292,-0.9146537,-0.88796294,1.0278839,-1.8281649,1.6173587,-0.3429942,-0.7725086,0.73975927,1.4852166,1.1176324,0.50185204,1.0868635,-1.7164975,-0.52183056,-0.91117007,1.2246387,-0.38347802,0.84540653,0.53585696,-0.86230695,-0.5869582,1.2938176,-0.77548265,0.12486761,-0.7825413,-0.31395218,-0.046161942,-0.78286654,-0.96044695,0.28627333,-0.8447374,-0.81065756,-0.9390531,-0.07790805,0.9437016,1.5065286,-0.7259181,2.1503108,-1.0047048,1.0835485,-0.72169644,-0.8709233,-0.74475616,-0.0524477,0.57997215,0.66986805,-0.94398504,-0.9896593,-0.9166387,-0.1113544,-0.2101556,-0.95017546,0.2696037,2.2625687,-0.50471544,-0.43351182,0.55966157,-0.5588163,0.6689645,-0.7185427,1.8321196,0.34477496,-0.62002295,-0.5886917,-0.5137997,1.3727497,-1.268751,-0.6679417,-0.5616605,-0.015687967,-0.2711097,-1.4912279,-0.39982268,-0.09955069,-0.62809783,0.6867755,0.91940844,-0.0783867,0.23054159,-2.161056,-0.42110276,1.0048217,-0.42343658,-0.73726165,2.277689,1.8190771,0.46757492,1.1389107,-2.2259355,-0.78755146,-0.46995786,-0.2359801,-0.489944,-2.5500262,0.38602462,0.54365414,1.6018988,-0.7883093,-0.87016314,-2.6799846,-0.29356682,0.9011118,-0.6117679,2.1434448,-0.25659484,0.14699228,-1.363103,0.28722036,-1.9793198,0.6936979,0.7244282,1.3592914,-1.0199687,0.16056211,0.56381655,0.44228163,-0.8652993,-2.3919818,0.3469603,-0.15249968,-0.5666706,0.76394534,-0.04491954,-1.319195,-1.9314523,-1.1289632,2.3930123,0.7227768,0.18861234,-0.18166092,-0.24739294,1.167196,-0.49059573,0.5769204,-0.34842795,1.9401566,0.74228853,1.2455568,-0.5844098,1.0581361,-0.31257743,0.11003482,1.6350477,-1.042775,0.20324773,0.43800527,0.5200044,5,-1
-0.4507845,2.0862641,-1.2949319,1.4588854,1.2150656,1.9008888,-1.5882272,-0.8688315,1.491943,-1.8770392,-1.6064589,-0.48830777,0.19199379,1.5922251,-0.18526591,-0.6082392,0.31138992,0.46959648,0.44123983,-0.1779862,-1.9550861,-0.917616,1.420271,0.18706894,-0.32252213,1.1181686,-1.1301166,-0.22534813,0.1377584,-0.4413775,0.10076282,-0.18769394,-1.399343,0.18147787,-1.3283517,0.16561513,1.3741359,-0.2810232,-1.1714832,-0.12698781,-0.8319711,0.594509,-0.14798875,1.7097633,1.1629896,-0.15308051,0.7156091,-0.3932364,0.033956885,-0.3614342,0.76645595,1.4329883,0.7986482,0.9219366,0.9230334,0.55125594,-1.1392862,1.7009715,1.8044108,-0.2338796,-0.37069792,0.6124117,0.55081284,-0.20194606,-1.2500256,0.3057012,0.55143654,0.72582114,0.34929278,-0.27111515,0.99400204,0.0658485,-0.46492302,-0.18065338,-1.745969,-0.18224183,0.6884365,0.339783,1.5206642,-0.26297492,0.48731315,0.79274017,2.3428571,0.1447655,-1.0441872,0.84792876,1.8657273,-0.32254872,0.84108156,1.228728,1.0170655,0.12555853,-0.69847375,-0.081279546,0.45860046,0.9082225,0.33394504,-0.37990797,0.5553796,0.86008507,0.37961006,-0.8361871,-0.18140604,0.9478208,-1.3830178,-2.093178,1.5080829,0.51141524,0.60673,-1.0768169,0.7375281,0.27524868,-1.5843276,1.4242834,0.15868333,-0.39608398,-0.37798974,-2.0152218,0.5933366,0.2618572,-0.19408013,1.2784852,-1.383859,-0.5967725,-0.85000825,-0.27879497,0.06747002,0.43001354,-0.34697345,-0.87735575,1.6860069,2.4116402,0.14328668,-0.7567804,1.4754541,-1.4467571,-0.33477333,-0.69611704,-1.1595355,-0.28002423,-0.8641721,0.012654464,0.027177168,-0.62133175,-0.37051335,-0.23084897,0.80984604,-0.1484294,0.8247017,0.585813,0.5715307,1.387846,-1.1193908,-0.4731831,1.7632987,-0.2573165,-2.8151238,-0.20296834,0.13493954,-2.617113,1.3339356,-0.71371245,0.32856312,-0.22598155,-1.2883514,-1.0705081,-0.93508285,1.0856719,-0.14753819,-0.5218655,-0.93460894,1.1961502,1.4642013,1.1847439,0.49243733,0.28983003,-1.2159379,-0.24581912,-0.6838602,-1.825512,1.0570434,-0.6958299,1.1959419,0.8817464,0.556718,0.61288404,-0.6153139,1.8578502,0.043125432,0.30193168,-0.64907634,-0.9311653,0.477296,0.2175135,-0.78935236,-1.4384267,-1.2699231,1.1961337,-0.61325383,-0.33890855,1.4503403,-1.1221505,-0.7269948,-0.7687668,1.6180685,1.9933835,0.75156325,0.78338474,-0.580355,1.9473284,0.26769626,0.85311025,-0.10552494,-0.26803258,1.6630423,0.5397237,1.4513755,0.25532818,-0.84836656,-0.5833429,0.10296524,-0.6265002,-1.1074615,1.2014171,-0.5448701,0.13819274,0.29613358,-0.5881531,1.4507995,-1.1171417,0.26162526,0.24611771,-0.054254603,-1.2969127,0.87081754,0.74351066,-0.6755685,0.7074872,0.37490767,-1.2806121,-0.8539289,1.1382815,0.30941617,-0.5643029,-0.85847586,-0.5153938,-0.44447953,-0.84596306,-1.7417641,1.1400133,0.9706337,-1.2732555,0.1363113,7,-1
-0.9022382,-0.26156723,-0.3447666,-0.4278342,2.002947,-0.44032568,-0.80826384,-0.7625814,1.043777,-1.6521024,-0.7626229,1.4468229,0.24398619,0.19192201,2.1321464,0.24634795,-0.70818615,-0.28207704,-1.1354324,1.2559371,0.5745617,1.1244142,1.212984,-0.41421077,-0.9447529,-0.051713113,-0.8727611,0.16495688,1.1320969,-0.16813965,0.14999509,-0.09384561,0.8027276,-0.66778237,-2.1964462,0.47086886,0.9878344,0.44637424,-0.6402305,-1.1350121,0.49449754,0.14147896,-0.12579262,1.8224634,-0.9468001,1.775037,0.031783905,-1.8355705,-0.17920266,0.9594961,-0.36505502,-1.4747785,-0.16451453,-0.85717237,0.4918144,0.77339983,-1.0562704,-0.70580405,0.75664246,-0.8588443,-1.0821581,-1.1786911,0.35203862,0.30915773,-0.68404603,0.005085396,1.5271324,-0.9740602,-1.9517426,0.45507556,-0.11040116,-0.7100251,0.65208024,0.8392252,-2.208278,-0.6525979,2.3175163,0.5834049,0.67610365,1.1728942,0.017068826,0.79668415,0.71806204,0.5390415,-0.32201198,0.17205893,-0.58836156,0.012814305,-1.1684909,-0.79062396,-0.28231204,-0.94370544,-0.5050173,-0.16392598,0.40226233,0.9492573,-0.46378437,1.3351046,0.9386111,0.5040938,0.15364914,0.31912085,1.1870512,1.2235796,1.3349468,0.041326832,0.55496716,1.3435465,-0.62371606,-0.31841686,0.016036663,0.8995987,0.91517216,-0.23086411,-1.5086094,0.24618395,-0.9183161,-1.4899362,-1.2638716,0.326381,1.3610374,0.038894515,0.21138066,1.182895,-1.5444549,0.5201764,-0.011589784,0.56605744,-0.4834839,-0.8179373,0.1405089,1.6491914,0.8609101,-0.50769275,-1.3409721,-1.6820673,1.3160994,-0.9550823,-0.32551342,1.3212111,-1.6139015,1.4922645,-0.25364044,-1.1485833,-0.24735093,-0.72259676,0.4408198,-0.64813244,-1.9116422,-0.22056253,-1.3565451,0.20431988,-1.1871303,-0.4880128,0.1825878,-0.21245873,0.2504303,0.6802872,-1.1579337,-0.06439754,-3.3295038,0.2473333,-0.30081412,-0.98344976,0.31571943,1.1726975,-0.47601774,-0.9448145,0.16502526,-1.3356067,-0.6603814,1.2224022,0.06217923,-1.879467,-1.7969917,0.1620857,0.8623906,-1.6176214,0.4497126,1.3303435,1.887859,0.33122277,0.5068026,-2.1331844,2.0997527,-0.57549024,-0.93347114,-0.25520614,1.5116735,2.208046,0.12540868,0.9980842,0.04320405,-1.0377954,1.4767437,-0.6221275,1.5355308,1.2985413,0.61403626,1.8289747,2.232346,-0.17524336,-0.80879414,-1.8642699,2.2446823,-0.439682,1.1350368,-0.74125534,1.5382656,-0.7001176,-1.1917192,-0.20850644,-0.5317757,0.59629977,-0.05139493,0.6277024,-0.29102147,-0.66510737,-0.5835605,2.0449388,0.22517093,-1.9837623,-0.520209,0.096866034,1.8453997,1.0286987,-0.9217178,2.4183557,-0.031160364,1.2463298,-1.1550086,-2.398163,-1.4084315,-3.2503335,2.1120894,0.21453291,-0.924644,0.45262402,0.18933403,0.6209334,1.2095314,-0.28992116,-0.8798393,0.82777524,0.80233276,0.100735806,2.1775541,-0.43782213,-0.899858,0.41809142,-0.67493784,0.49551654,-0.8330082,0,-1
-0.40024227,1.8908404,-0.40558735,-0.79885155,1.1706787,-1.051042,-0.6929432,0.5765611,0.9384114,1.2204764,-0.7472218,0.59600866,-0.4661082,-0.6056556,1.2032127,-0.5495544,0.2782046,0.15557946,-1.0707544,0.9660929,0.5602809,-1.9862906,0.27742112,-0.7729734,1.0970753,-1.4453999,-0.35647696,0.36202455,0.054340295,0.7629582,-1.518422,1.6519144,0.52514464,1.3597182,0.87424016,-0.011610114,-1.2841982,-0.56355315,1.5895634,1.3854377,-0.6196,-2.8183043,-0.21268973,-0.2877029,-0.24977261,0.5285392,0.8762126,0.9902995,0.44570914,-1.8007708,-0.34119973,2.3040898,0.37421674,0.36781958,0.35948595,0.4153796,-2.3831122,-0.23952432,-0.037892833,1.2814955,0.047672894,-1.6465114,0.43008915,-0.80382466,-1.2167857,-0.8341591,0.54250425,1.2587613,0.48292994,0.6320232,0.47304526,0.10132717,0.69693065,-2.4187756,0.11108835,-1.0449251,1.1629026,-0.1471553,0.030948088,-1.5050719,1.0168309,0.6273281,0.5569479,-0.81302285,-0.77363986,0.22359945,-0.6944984,0.43489295,-2.1609125,-0.48754457,1.7967534,0.43948582,0.16679366,1.9852265,-2.3359537,-0.81531113,-0.40117317,0.85835123,0.87565637,-0.86600673,0.9979543,-0.40331477,1.2116396,-1.0326427,-0.1233116,-0.49016732,1.0560304,-0.5227812,-0.042448528,0.5068114,0.54525846,0.8869526,0.21112478,-0.41824892,-0.34969875,0.025672315,0.24959248,-0.14717165,0.01920342,-1.5172539,0.6673553,0.18111229,1.0018704,0.0001605074,-1.7383976,-0.35844618,-0.19992992,0.7429033,-2.0702736,0.041179515,0.5136752,-0.6614879,0.07462801,-0.6270365,-0.72957295,-0.40841985,-0.710692,0.6836183,-0.73495185,-0.90291,1.7679287,0.96074003,-1.8615134,-0.7647683,0.24246298,0.32375506,-1.4904928,1.1585655,0.8252244,0.48190165,1.3567284,0.45229,0.4485809,1.5576793,1.1012195,-0.84150743,0.63319516,-0.66426784,0.50415456,0.47661352,-1.3834673,-0.12184561,0.26525703,-0.4362902,0.31470993,0.8058978,-0.030593064,0.22459948,1.383424,0.4731966,0.20082429,-0.9580794,0.671026,0.33014995,1.2837394,0.046878543,-1.8162665,-1.7001209,0.73568076,-0.5701936,0.43676776,0.114232644,-0.16683967,-0.09636129,-0.8653895,-0.015777688,-0.58449346,-0.37225652,-0.32364905,-0.22669327,0.92217344,-0.12979083,1.0237024,1.5378549,0.85494465,0.53446853,0.3268322,0.8653587,0.08936074,0.98456985,0.6141058,-0.35984045,0.8958509,0.09148001,-0.10613201,-0.47619915,0.16601884,0.99646264,0.88894,0.3533938,0.59964365,1.2716968,-0.14996628,-1.11542,1.3011298,-0.52977824,-0.69033813,-1.7961978,0.57128304,-1.6214526,-0.7502588,0.5882368,0.72192127,-0.65170413,-0.13415332,-0.87259454,-0.54839677,0.26621526,-0.5016467,-0.24421504,-1.4647067,1.1329561,0.51006657,0.7929054,1.2904253,-0.8252129,-0.35839447,-1.8948344,3.1404228,-0.14958532,1.0387279,-1.2381611,0.99638844,1.8575909,-0.060280748,-1.0108815,-0.1387964,-2.2267616,-0.0378867,0.82096714,-0.035757646,-0.28413954,0.5275681,5,-1
0.6040248,-1.6599056,0.08882296,2.435985,-1.3350163,-0.085418835,1.9417461,1.1041752,-0.5133967,0.20613538,-0.0021116799,-0.7480718,-0.074252106,-0.27996615,0.112748936,-0.74838316,-1.2766182,-0.041280773,1.7151182,0.08220293,-0.33159378,0.7540858,-0.1583196,1.8680329,-0.0039125094,0.7004971,-0.7546044,0.50308925,0.27509347,-0.056506123,-0.50175774,-0.6380302,0.28235266,0.6289391,-0.1271628,0.28726792,-0.03791468,0.09852602,-0.20044498,0.01797258,2.6980405,0.3116343,0.64529693,0.4380236,-0.26281682,1.2939892,-0.29116377,1.0550545,-0.334207,-0.9599725,0.3653962,-1.1046684,0.53564024,-1.1941587,-0.31900802,-1.4317297,2.824167,-1.6539595,0.009813741,1.1433042,1.0363859,0.85134214,-0.31722838,1.351089,0.9133911,0.21229962,0.24058075,-0.30392265,-0.90965205,1.237151,1.3122079,-0.88410914,-0.15378517,-0.14342321,-0.032655902,0.06429488,0.94686145,-0.7472173,-0.846347,1.2366197,-0.46264476,-1.2630353,-0.48512995,-0.33005273,1.5549628,0.9248262,1.1475207,0.81997365,0.94624364,-0.6880821,-0.19860215,-0.9899153,-0.21048804,0.684105,0.13458328,1.3114808,-1.1414158,0.50023836,-1.2483028,0.09417647,0.74033344,-0.21450257,0.5511266,-0.95973235,-1.66369,0.5570296,1.7440102,-0.99604493,1.2221942,0.04342341,-1.3356916,-1.1315053,0.015784774,-0.40446228,-1.312913,-1.6940392,-0.8467193,0.193809,-0.006400753,-0.5012379,0.20188719,1.0400267,0.3941265,-0.12130867,0.92807204,-0.9598503,-0.22491954,-0.20108794,-1.2369533,-0.41987416,-2.0749598,1.912178,-0.9374138,1.5861142,0.038084507,0.56486416,-0.4887998,0.20792969,0.6504896,0.6645524,0.7747734,-0.3683327,-0.48035967,-1.5941763,0.523219,1.0823787,1.6159817,0.30517262,-0.7664798,-1.6970961,1.0416667,-1.7962766,-0.34060407,-0.22430682,-0.06945514,0.0358026,0.13814756,-2.4153633,0.0146559095,-2.2295756,0.7322181,-0.5551252,-2.1570368,-0.8142047,-0.57007533,1.1906996,0.19663773,0.34444493,1.1812216,-0.09614429,0.75418794,0.68386114,-1.2864695,1.4729836,-1.4203018,0.9173666,-1.517073,0.60123676,1.8619149,-0.21297866,-0.25635564,0.61044,-0.32939646,1.8182787,0.19219226,-0.3201695,-0.5402855,-0.93294847,-0.627755,-0.3506734,-0.48763907,-0.6581753,2.0988412,-1.0300951,0.14663258,0.592521,0.630108,-0.058607075,-0.24070257,0.4515475,0.26652166,-0.25895885,-1.5618786,-0.46792373,-1.1465502,-0.66715956,0.033223238,0.35873616,1.7804527,-0.5374064,0.77462566,0.30596003,1.2959976,0.57622874,-1.0084814,-1.7230461,0.3112617,-0.528451,-0.9803137,-1.2675776,0.1609755,1.5077077,-0.40867233,0.59027034,-0.10226635,-1.2893821,0.73481137,-1.094692,0.02162663,-0.34152043,0.89307743,-1.058151,0.39086992,-0.8397974,-0.51110524,-3.6352003,2.0920985,0.55055696,-0.7673475,-1.1246557,-0.49564874,0.71687955,-1.892085,-0.14158443,1.7706419,-1.1339463,0.08038504,2.2033098,0.6321516,0.12592383,0.50663644,-0.40086535,1.2996312,3,-1
-0.39933002,-1.9591817,-0.3913031,-0.9667345,-0.281194,-0.25908405,1.1974232,0.6952927,0.2632655,-0.0029454113,-1.058858,-2.1811752,0.113160014,0.7946412,-0.108333886,-0.53485435,0.46450216,-0.0833322,1.6857442,1.2327284,0.95950806,0.7577341,-1.2901675,0.6629937,0.37632596,0.60642475,0.4926095,0.45276257,2.7008665,-0.07618567,0.93633735,-0.47098982,0.7906416,0.9393199,0.36442608,1.6692469,-0.88427603,-0.48722094,0.21238008,0.88080686,0.17942952,1.2857591,-0.6616899,-1.1405785,0.30812833,-0.077180274,0.5428637,-0.027402291,-0.3400198,-0.074937575,0.028848894,-0.3049813,-0.20313205,-0.40359333,0.85666513,0.194021,2.2567525,0.16070455,-0.5508575,2.6706753,0.41362637,0.99012476,0.592103,0.62301105,0.53565407,-1.1020845,0.36752903,-1.3248613,-0.17436284,-0.72561747,0.35747018,0.33412623,0.4811459,0.28729656,-0.60682535,-0.2610035,0.92039615,1.0678567,-1.1467831,-1.5309277,-0.7268894,1.0452076,1.214884,-0.9247119,0.30730936,1.8344313,0.4153115,1.4215033,0.99872655,-0.9101987,-0.18998143,0.034754477,0.10413339,0.91632897,0.40868476,-2.9362009,-1.3128402,-2.187381,0.17536524,0.24048765,0.28322497,-0.9589283,0.674144,0.7162625,-1.2551491,-1.4660382,-0.00013168623,1.7917823,1.6997428,0.5634044,-0.7299967,0.88684267,-0.45242426,-0.767507,-2.143967,0.1023822,-0.6298674,0.096430376,-2.2993577,0.16982667,-2.431121,1.0879402,0.52189124,-0.27866477,0.5627199,-0.97807425,0.07237551,0.79477406,-3.0942893,-0.44722435,-0.02264413,-0.19629362,1.4571018,-1.1239011,-0.62115926,-1.915869,1.5102867,-0.24629015,-0.43840888,-0.052482683,0.63623583,0.3473634,2.6478841,0.4539359,-0.46524543,-0.5613567,-0.39275897,-1.5018369,0.03986421,0.7834681,-0.6133636,-0.8073801,1.5159452,-1.4264832,-2.0678184,-1.1529019,-1.5404327,0.38622606,-0.3607045,-0.21968704,1.1529342,-0.69133484,0.7750894,1.5113229,-0.4556625,0.7370229,-0.2418179,0.92409813,-1.5714892,-1.6455122,-0.39126772,-0.88892484,-0.5167091,-0.21952659,0.72001356,-0.40766057,-0.8238613,-0.3515134,-0.76914525,-0.9340055,-1.6130168,0.06947812,-0.5687057,0.96627873,-1.447396,-0.54208356,1.8129072,-0.9396095,-0.23653325,-1.215844,-1.3484275,1.547311,0.17103949,0.13367884,-1.6963162,0.3587414,1.157422,1.149477,0.66833323,-1.1294856,0.3131234,0.66758496,-1.7944436,-1.1212796,0.8881573,0.87604576,-1.548583,0.7950215,0.0953034,0.78100896,-0.6345213,0.6451835,0.8438288,-0.35133493,0.017752547,-0.6485216,1.651639,-0.120271936,-0.9220243,-0.7158259,0.1267706,0.7533312,-1.3358269,1.84766,0.3086753,0.46645597,-0.097189546,0.019258967,-0.14828314,1.0177959,-0.0079285875,0.7670502,-0.43384752,0.19564053,-0.8039203,1.2165282,-0.83374727,-0.32497945,-0.31496042,-0.3539514,0.7224958,-0.31665775,1.3939245,-0.81847507,0.16937748,-0.775786,0.4209728,-0.015949726,-0.15506205,1.188475,-0.6543419,0.5865151,-0.76895994,4,-1
0.1126852,-1.1955754,-0.66251713,-0.082143046,1.8146492,0.10080387,1.6546683,0.2203233,-0.38708425,1.5393565,0.43701762,-0.6427216,0.47057146,-0.29259476,-1.9890342,0.93597317,1.0949341,1.837942,0.4221437,-0.24872342,0.8349894,0.8498204,1.6382812,-0.04462762,-0.16557898,-0.7155444,0.5374621,-1.5482616,0.77608734,0.58783513,0.5850702,0.13822524,1.5329783,0.8719935,-0.6070772,-0.58917904,-0.87967384,0.55128336,-1.0001389,1.0833921,1.3229733,-0.8790163,-0.18554853,0.01662098,0.88398314,1.6093434,-1.6854924,-0.3181807,-0.2660167,-1.4006698,-0.48511,0.42776895,-0.2786789,-1.5446211,2.8740828,0.26617786,0.11169413,-1.0979264,0.26070616,-0.16421379,-1.8885235,-1.0702554,0.79492605,1.9440176,0.36716542,1.1030833,-0.15575531,-0.08654616,1.090979,1.6627773,1.3010967,-1.0663631,-0.06695889,0.27752468,-0.25967798,0.38785756,0.8205768,1.0028098,1.6858702,-0.3294411,-1.3640332,0.35823458,1.883811,-0.47697586,0.686847,0.69574577,0.19144204,0.006924721,-0.9234292,-2.281662,-1.1118507,-0.39030415,1.0974227,-0.10312806,-0.51902574,-0.8909854,0.6568058,1.3583572,1.0634357,0.6061497,-1.4756128,-0.35167423,1.9473042,1.1219505,-1.5375032,-0.05559052,0.36309844,-0.76215845,-2.309204,0.09882405,-0.78775823,-0.7838417,-0.35468036,-0.13367592,-0.009082794,-0.8839899,-0.22020952,-1.7574234,0.31103906,-2.8562753,-0.28949007,0.9191862,-1.0593407,0.7164302,1.1557328,-3.3079,-0.15136291,-2.8757734,-0.118208446,-0.007171211,-2.482544,1.9248383,0.2860158,-0.84902346,1.4653795,-1.7956132,-1.229171,-2.2994556,1.8010452,0.33234638,0.6594018,0.30100122,0.5737678,0.07807771,0.27092135,0.10760344,-0.6085918,-0.046624765,0.2735946,0.11054912,-1.4777721,-1.3449867,1.0828414,-0.30699405,0.5847253,-1.0921199,-1.4731458,-0.84359664,-0.22256507,-0.6651403,1.2939335,0.1795233,1.8489386,0.40440816,-2.412551,1.0560416,-1.5095516,0.23053367,-0.7746841,2.142711,1.439598,-0.74182063,-0.12735766,0.24459808,0.86341405,0.029151913,-1.024895,-0.7175586,-0.004481796,1.234457,0.42783785,-0.7734149,0.64837277,-0.38698483,0.890408,2.5270104,-0.35882637,0.80160517,-0.74539334,-0.11226377,0.029562287,-0.19368365,2.4630136,-0.30659306,0.58685154,-1.9300869,0.43199655,1.1420546,-0.52759737,-2.5102222,-0.038651768,0.01718385,0.7240751,2.0109031,-0.38005364,-0.85628814,-1.1669178,0.19807862,0.47935426,-0.54565537,0.77868277,0.46538407,0.04323169,-0.90241474,-0.4818643,-2.4297552,0.23578706,0.02634129,0.18847899,0.504319,0.3858215,-0.11038318,0.04866804,-1.4043164,-0.5837206,0.050471053,-0.73585355,0.8601508,-0.6586321,0.2163054,0.11656566,0.7462776,0.90079117,0.6940326,-2.1060061,1.1941482,1.5273082,-0.4821243,0.2366469,-0.8908317,-1.9483786,-0.7387153,-0.540139,-0.35485074,-0.9589141,-0.73342514,-0.011006322,-0.77022696,0.5435243,0.68166065,2.3803878,1.12568,0.24310306,3,-1
-0.6202643,0.29374737,0.32659596,-0.5133131,0.7837314,-1.398098,-0.24439983,0.55585843,-0.28758416,-0.2067544,-0.13778587,-0.8356013,1.173901,-1.0180377,0.31815934,0.4136479,-0.9486219,0.073104255,-0.90963215,1.3910425,-1.138783,-0.6538971,-1.224225,-1.3576987,1.5912153,0.5427747,0.14029342,-0.656577,0.9076118,-0.82422245,0.7936393,-0.87251127,-0.6445077,0.75828236,0.86382735,0.5974729,-1.0496742,-0.44672686,0.15689874,-0.84928095,1.3709627,-2.401947,-0.7787395,-0.5095665,-2.8439436,-1.3962291,0.6252895,0.030283637,1.573136,1.5452265,0.43304637,0.31323826,0.06593111,-2.655082,-1.3945595,0.1006755,0.6160257,0.2896698,-0.892465,0.9374063,1.482444,0.9379896,0.98959935,-0.5592258,1.0759342,0.14575864,0.51155555,0.36543185,-0.1214871,-0.86000246,-0.08213666,0.9867616,-0.4414758,0.89334726,0.7370707,-0.2989374,1.3888001,-0.35554668,1.5095469,0.43412697,-0.015865918,-0.8878014,-0.08826023,-0.2037595,-1.2582964,-0.21761543,-0.8038032,0.58599174,1.3062805,-1.2269157,1.7123077,-0.12855104,-0.97502136,0.7577548,-0.44645447,-0.08173668,-0.40427825,-0.81673795,0.72399706,-0.2863014,-1.4366518,0.55106014,-1.2055824,-1.1532602,1.1926062,-1.1963398,-2.3164449,0.6228615,-0.30386344,-0.21765512,-0.3145004,0.23166993,-0.7527192,1.4761149,-1.4762305,0.4448749,0.642121,-0.7596518,-1.0237345,1.0171742,-0.99086076,-0.60666394,0.88730896,0.034741234,-1.7971437,1.7470591,-0.53001076,-0.4027573,0.25578424,0.6250768,1.9611043,-1.6600682,0.82595223,0.7430097,-0.1371649,0.7872737,0.934274,-1.3819628,1.7497665,-1.5587623,-1.1353163,-0.26178768,1.9249405,-0.30825663,-0.03193389,1.4320786,-0.30031815,-1.1784368,-0.41723484,1.3707918,0.070865,1.9306582,0.73793495,-0.64480895,0.051076304,-0.85321814,-0.668433,4.479084,1.0186245,0.861098,-0.6231803,1.569584,1.0994157,1.8816212,1.8331141,-1.4790893,-1.1098394,-1.0037878,-0.94394064,0.32345235,-0.56680346,2.0725985,1.9046799,-0.0064615943,1.9553262,1.4881346,-0.45070657,-2.0092154,-0.21796839,-0.64462215,0.20650563,0.08922829,0.06301766,0.52368474,-1.2125219,0.41136026,-0.43961614,0.1999822,0.95740986,-1.2243998,-0.28129366,-0.11853424,-0.514269,0.8998295,-0.72038835,-0.5554004,-0.70991915,1.0920554,-0.4924441,0.4600454,1.9757051,-0.07481842,1.1120607,1.671354,1.0271915,-0.016801316,0.6421078,-1.2873785,-0.7800432,-0.6046752,2.240612,-0.8125845,-0.82747674,-1.043921,0.5598118,0.1426214,1.086759,0.67125964,-1.3803898,-0.8072778,1.3653288,-0.20329824,1.1875918,-0.14968094,-0.96765643,-0.30326077,-0.9680498,-0.5655528,0.20092571,0.5116051,-1.5901914,-0.017368007,-0.58661574,-0.6484148,0.13268462,-0.5504519,1.382138,1.1880618,1.1818283,-0.4949102,-0.96249884,0.08202993,-0.15034837,-0.6088232,-1.1757344,-0.04151797,-0.40406945,0.68834704,0.66510606,1.1007998,-1.2592956,0.40105832,-0.7274657,4,-1
-1.2204142,-0.42860225,1.068705,-0.37231836,1.5654546,0.5488785,-0.39409047,1.1600485,0.44539678,-0.9325594,1.8588027,0.25947884,0.018796192,-0.85553265,1.1795382,0.51727545,0.6292382,-0.50753134,0.83410054,0.9118136,-0.66877824,-1.4169902,0.58137304,-1.573347,0.15201578,-0.4472451,1.2186652,-0.3928439,1.107273,-0.51420945,0.999991,2.0603416,-1.0680472,0.29203573,2.7487824,0.06658883,0.06178827,0.78849894,0.041080862,-1.707226,1.1322874,-2.0029485,-0.41679165,1.2074257,-0.35654244,-0.6936965,0.8792639,-0.8511148,-1.2222257,0.274514,-0.1829233,-1.2436731,0.6369525,0.4644876,-0.359755,-0.291332,0.47039273,1.1903614,-0.28279322,0.6546885,0.5652002,0.87930727,0.0393092,-0.9123255,-0.46249914,0.34285346,1.8184644,-0.48401964,0.80478746,-0.32805645,0.11046875,1.5153967,0.7642926,-1.2412993,-0.572475,1.2562213,0.14187804,-1.1488401,-0.81895244,0.70349354,0.9944103,0.017855301,2.475314,0.82415235,-0.24348107,-0.8157061,-0.97488433,0.33542132,-0.48877704,1.6737437,1.4663118,0.63306653,-1.1789962,-0.67221886,1.2556776,-0.5630662,1.1221417,0.47460392,0.051717885,-0.7028328,-0.09424385,0.18964796,1.0325389,-0.8857356,-0.26281685,0.044823132,0.66267836,-0.9084643,-1.3165698,0.67396516,-1.5179491,1.2849797,-0.1559261,-1.5475311,-0.48042023,0.37912363,-0.5327011,0.02002975,0.7400784,-0.20219034,-0.9370577,-0.298984,1.4148401,1.6850643,-2.019926,1.0910279,0.25014773,0.9239827,-0.55048823,-1.7682635,0.5844888,-0.9409773,-1.3882924,-1.3184013,0.60091376,0.13945247,0.782466,0.66907525,-0.42093357,-0.070473574,-0.51143754,-0.21032777,-0.96725476,0.3904843,1.0751208,-0.816613,1.2812697,0.113521494,0.24107897,-1.6994295,-1.8072623,0.14411636,0.7897321,-0.67138046,1.6700939,0.734936,-0.9083412,0.030848667,2.4769292,-1.242564,0.52826995,-0.32274455,0.7068963,1.2672737,-0.38623708,1.1189122,2.2212033,0.06627474,0.7848887,-0.59044075,0.01925931,-0.1766751,0.7969359,1.2046759,-0.10965485,1.5336229,1.5300474,0.84685373,-0.51602656,-0.6118288,-0.8123813,0.94916606,-1.2117682,0.6768377,-1.0811094,0.8235461,0.017219583,1.3336385,1.1414546,1.4350654,1.4608188,0.14363083,-1.1587931,-1.052523,-2.0868485,-1.0836658,0.06882366,-0.5596542,-0.18013561,0.49271542,-0.30406526,-1.1218288,-0.05323367,-0.8984905,-0.2707865,1.342777,-0.2705053,1.7709576,1.431636,-0.5793053,-1.1111238,-0.05255416,1.1533278,-0.4901909,0.9080903,1.20844,-0.7740257,-0.6760511,0.71266204,0.15184756,-0.6860615,-0.35218045,-0.07051955,-1.5648544,0.7656431,-0.4786922,-2.7837162,-0.02387097,-0.74157125,1.6888222,-0.58544505,-1.0976434,0.50793266,-0.66044736,-0.7794562,0.5095014,-1.0404673,-1.4572736,1.725998,0.5794987,-0.26420927,-0.0034772097,0.5058644,0.9733375,-0.7559753,0.36614653,-0.50670415,-0.18898125,0.16069287,-0.006678573,0.7355669,0.48708656,-1.5081692,2,-1
-1.3578233,-0.36971667,1.8286253,-0.8515918,-0.20822272,-0.536346,-0.55404437,0.17823975,1.4007772,0.4559684,-0.803531,2.7532296,0.07857322,-0.577221,1.4120964,-0.4690706,1.6629137,-0.8706428,1.4300303,0.20104766,1.2910522,1.9017657,-1.1326073,1.2757719,-1.408904,-1.0471843,-0.80340946,0.50363666,0.033015877,-0.16713609,0.14623527,0.5912896,0.6682481,1.0941669,1.8200349,-0.021362372,-0.52108896,0.6135361,-1.1442548,-0.67870414,0.99938095,-0.12412837,-1.2081925,-1.4898031,0.04871668,1.1418965,1.1285458,0.1108805,2.0089095,-0.10482036,-0.13856763,-2.567436,-0.44736296,0.852015,1.5639614,-0.83023465,0.46225232,1.046879,0.011208153,-2.2832804,0.24729,0.7614306,-0.9474229,-0.25415453,-1.155496,-2.5701475,1.0270044,-0.0037485338,1.597675,0.8573222,-0.35420975,-0.08318066,0.56617737,0.9668834,0.32267064,1.1055932,-0.29666874,-0.99714357,-0.064809255,0.20518489,-1.2015353,-1.3367221,0.4473863,-0.40635684,-0.16584091,-0.35969266,1.5206009,1.2617612,-1.2373537,-0.5327932,0.85000426,0.6019362,-0.041457962,-1.1376002,-0.68254006,-0.51676756,0.27699432,1.7037271,-0.68688023,-1.0260352,-0.108586475,1.031739,-1.446883,1.4536341,-0.17203136,-0.73432,-1.6001893,0.7065208,-0.17117119,0.17070548,-0.90081173,-0.31909603,-0.48658124,-0.100593105,-0.6695523,-1.534181,2.7284997,-1.3634043,0.18145901,-1.7720279,-1.9970474,0.09782649,0.17436759,1.261499,0.39954683,-0.14981072,-0.9496002,1.4990121,0.92885125,-1.2463294,0.03796373,0.14405224,-0.34565365,0.77185047,0.83173317,-0.1904857,-0.28086925,1.4989585,0.9328389,0.07236039,-1.629209,0.3440001,0.69808346,-2.7545216,0.25186944,-0.416692,-0.22085428,-0.90738094,-0.14818929,1.3919916,-0.4463985,0.96557355,-0.8063312,0.7587562,0.0016558556,0.35202482,0.007153256,0.6416252,-2.5675852,-1.4198253,0.4170805,-2.0435383,-0.53058034,-0.05434084,-0.82814014,-0.6915614,0.2715822,1.009295,-0.95844936,-0.5750582,-0.73126096,-2.4213798,0.14171179,0.9347178,1.0166432,-0.8707664,-1.251698,0.021605548,0.8292737,0.15485045,0.28930464,1.1418309,-0.7391366,-0.21997009,1.6346055,-0.19681112,-1.267337,-0.6693561,-0.93817985,0.3571626,-0.895947,0.27103424,-0.7360652,-2.1233785,0.3066198,0.14846368,0.51775783,-0.6729872,-0.7795445,0.40146685,1.5190196,0.01116801,0.4245851,-0.32158768,-1.5436305,0.9674294,0.90841424,0.710774,-0.18194544,0.5970561,0.8937618,1.6201587,0.9885261,0.06382123,-1.3082533,0.1556583,0.2565774,0.7090298,1.3538918,-0.095150515,2.1009872,-1.759287,0.41934186,-0.7985204,-1.907222,-0.20177437,-1.4571728,-0.1614279,0.03476925,1.1185414,-1.5075852,0.9084452,0.09808045,1.0288491,-0.43175116,-1.3322446,-1.2174994,-1.2918074,0.47781417,1.476922,-0.56495154,0.6291353,-1.523442,0.18032125,0.6685626,-1.4481248,-0.20388347,0.71591717,-2.9337707,1.335453,0.3536794,0.7167277,-0.41271928,3,-1
-1.7227225,0.534063,-0.08259033,0.032115456,1.087607,0.76206386,1.9212375,0.15385424,-0.6912124,-0.18841685,0.41566336,1.0158565,-1.467034,0.008537615,1.6095417,-0.24020886,0.93101186,0.49311754,0.9558606,-0.8097606,-0.8054017,0.020271892,-1.5322218,-0.2697406,0.25287667,1.7846357,0.4027182,0.62522846,1.1644758,-0.9646576,-0.16508266,2.4254127,-0.07912222,1.1164308,0.9637379,-1.4781138,0.31047928,0.14674747,0.3299588,-0.7541125,-1.1169195,-0.47601,-0.097794995,1.1849844,1.8173108,1.3965979,0.8601852,-1.0043403,-0.40889618,0.20992605,-0.632439,0.57720566,0.7204861,0.53629005,1.0251346,-0.9045912,0.9328287,-0.69564545,-0.94093597,0.5321161,1.2158736,0.48801348,0.020804023,0.3101538,0.13642691,-1.1259509,-1.2426201,-0.078825876,0.079856835,0.011332379,0.6761016,-0.21547672,0.56297916,-0.14458677,1.823359,0.08071373,2.3407226,0.3520116,-0.21367717,-0.899448,-1.4428886,-0.99144226,-0.8796063,0.39482003,-0.52616537,0.18692705,1.2819784,-0.08780835,2.0791566,-1.1758109,-0.15058355,-0.5393129,0.9365066,-2.2397916,-1.4431152,-0.107346825,1.5513778,0.22584184,-1.3515475,-1.1971666,1.6729897,-0.6211348,-0.94296336,1.4773725,1.011097,1.2740597,-0.9500419,-1.5251056,0.13316649,0.33512613,0.3646018,1.478184,-1.733767,0.8596951,-1.0966251,0.8557353,-0.4749567,-0.8139718,-0.6099027,-1.4456102,0.04042894,-0.77267337,0.7862982,0.6400561,1.6881571,0.3663275,0.52067775,1.4000998,-0.6276627,-1.4882582,0.20009406,-1.4226335,2.4539387,1.4554983,2.1639764,0.062446978,0.5505736,-0.45947543,0.8829248,-1.2155433,-2.5430932,-0.7907106,-1.4554734,1.4779267,1.8156774,-1.4029291,1.2917156,0.95138496,-1.5697767,-0.39026752,-0.5801637,0.7479954,-1.2287793,-0.098872624,-0.6859345,0.4733412,-0.21679203,-0.5352457,-0.21329658,2.036043,-0.41689962,-1.0410053,0.58343357,-0.14352468,-1.415234,2.2314963,-0.35247895,-0.37786946,0.15983535,1.7301167,-1.6797453,0.27598584,2.0872722,0.12872869,-1.235334,-0.6183969,0.20688254,1.3308039,-0.33933586,0.8266518,-1.4353688,-1.4437183,-0.4828007,1.4380287,0.06887464,0.2898112,0.2780796,1.109208,-0.6102207,0.6882851,-0.83088267,1.9832727,-0.8003911,-0.8823893,0.5496698,0.07978843,0.3268524,0.2273138,-1.0903922,1.613359,0.89354223,1.3589499,-0.52833086,0.41652355,0.19736846,1.1280026,1.1602482,0.1930508,-1.5179511,1.7796619,0.5559874,-0.60843706,0.40654215,-1.5110935,1.055353,-1.4712118,-0.2208345,0.24445444,1.0388397,0.10654467,0.63496286,-0.028166909,-0.03218595,0.08547725,-0.18905792,-1.6865703,-0.7683235,0.24477485,-0.24912101,-0.15580909,-0.32335368,-0.8635984,-0.49309945,-0.30683175,0.0051431404,0.39337835,-0.18055029,-1.0296552,-1.398082,2.5974371,-1.129815,-0.518625,0.5170003,0.36086062,0.5208657,-0.44271708,0.23855807,0.061343662,-0.31213138,0.24540974,1.0553656,-0.022200223,-0.015547154,3,-1
1.068161,0.96136034,1.5839365,-1.7562302,0.9051192,0.60158,-0.8856524,0.25158793,1.0511217,-0.8291589,0.44256243,0.8713537,-1.0710195,-0.14228569,0.30096838,-0.7961315,-0.8791532,-0.1350446,0.80163974,0.643734,-0.8614127,0.65216786,-0.83593976,-1.6101698,-0.36714357,1.1229694,0.65596056,-0.0015718074,-0.4167055,-0.38976213,0.10878491,-1.0684375,-0.34810734,-0.21556947,-1.3510745,-0.8384482,0.41050678,0.00951184,-0.3087618,-0.91142744,1.5768498,-0.8379792,0.25159281,-0.48786908,0.03627929,0.45760974,-1.3702565,-0.006616244,1.1907287,1.7615019,-0.13001397,0.041681208,2.211333,1.1349243,-0.6172846,-0.61898345,0.95654947,-1.0110371,1.0877267,0.33429995,0.51772076,-0.2567338,-0.6298248,1.4619929,-0.24673729,-0.41093507,-0.08013707,0.19302213,-1.0308251,-0.5648715,-0.6180321,0.8452803,-0.88596255,-1.7557678,-1.9670945,-1.4703802,1.3615382,0.0162066,0.5012491,0.5364877,0.05618392,-0.0747813,1.0445265,0.14599591,1.3990974,0.62082994,-0.6177963,-0.49713403,-0.7274648,1.217548,-0.40505096,-0.7984728,0.31977805,-0.097167104,0.2945685,1.8898139,0.9130708,0.027010554,-1.4084234,-0.4999625,0.7110461,-1.171041,2.1409702,0.014416562,0.048848394,-0.66664517,0.49673775,-1.1580018,2.1648927,1.3173513,0.98429644,-1.390429,0.20541327,1.2090864,0.5931054,-1.002109,-0.65009373,-0.45193613,-0.60343784,1.5287788,-1.9210131,0.65591913,-1.2923033,-0.9612515,-2.0097334,-0.54905444,1.5107317,0.26482424,-1.1983615,1.0171477,1.2313043,0.10404648,2.0347493,0.82156414,0.68265253,-0.8033787,0.6273985,0.21679127,0.519829,-0.68458563,0.12809889,-0.8168615,-2.1471322,0.99830455,-1.502389,0.10718647,0.33300212,0.32656303,-0.2830791,0.27121148,0.47096708,0.7349648,1.7334414,0.23419414,0.06404884,-0.906729,0.43594632,0.6673831,-0.19230318,0.5446125,-0.2925162,0.6709927,0.9126023,0.8986279,0.11784433,-1.0399681,-0.611913,0.5951573,2.4488122,-0.34072077,0.45583767,-0.55605257,-0.973967,-0.67631584,-2.082472,1.353435,-2.2301302,-0.26382822,-1.1781279,-0.8843802,1.3765227,0.20106699,-0.96539617,-0.5895171,-0.76548123,-0.04354567,0.17289169,1.8955748,-1.9163008,-0.034812316,-0.3155677,0.9465485,0.3548181,0.5903622,0.3450862,-0.9319911,1.2112654,0.7985049,0.9155298,1.2640501,0.4176751,1.4809924,0.37763956,-0.21905859,-0.0066039106,-0.023843769,-0.5193913,1.6318889,0.29629537,0.094738476,0.38827425,2.9798546,-1.1317242,-0.84503853,-1.380571,-0.23259924,0.24551845,-0.46532252,-0.5397268,0.14240487,-0.5021078,0.31017584,1.1142343,0.67703044,0.88101333,1.0859184,0.28282815,-0.15864103,-0.7722531,-0.39117816,-0.5236855,0.73167235,0.34678257,0.69675785,-1.1603369,1.4317495,-0.42698038,-1.1000166,-0.43921778,2.483766,-0.38771686,-0.32509646,-0.19210468,-0.14862038,-0.7814761,0.14321308,1.0755949,0.3142893,-1.1111653,-0.3443459,-0.5515274,0.052939467,1.3304517,0,-1
-0.14888279,-0.08815487,1.7776449,0.876206,0.5740813,1.9581317,0.48981124,-1.9865271,0.83266574,-1.5920085,0.45200536,-1.7137436,-0.4668554,-0.36378452,-0.77011913,-0.348852,1.0325618,-0.7139529,0.54514086,-0.96564966,-0.18949957,0.32383928,-0.9965284,-1.3117205,0.49187815,1.1230804,-0.07906502,-0.4573129,0.15567538,0.055479918,0.24290255,-2.5282452,-1.0691043,-0.8452301,0.15086763,0.18587789,0.63618046,0.25758174,-1.3007351,1.4470047,1.2719183,-1.2581973,0.3327053,-0.5954244,0.138864,1.0533103,2.1301043,0.7512777,0.29493475,-0.33982116,0.18213487,1.3597718,-0.04470876,-0.88611263,-1.6196898,0.5130479,0.24728812,-0.6459082,1.0260141,-0.42177686,-0.13464409,-0.016664132,-0.35095274,0.23586507,1.1515151,-1.1424819,0.48852015,0.17215867,0.15376383,0.8718446,0.049297426,0.48022926,0.71586466,-0.5043652,0.29918346,-0.25078762,-0.13268179,-0.3220614,0.4710804,0.08164471,0.39454404,-0.017517364,-1.604121,0.031368416,0.063537955,0.24259594,-0.5937292,-1.1954697,0.62460667,-0.27360657,0.17124406,-0.28146008,-0.006061826,-0.44928536,-0.96808356,0.47373167,-0.6031201,0.16395149,0.41046023,-0.58681273,-1.2038857,2.4260857,-0.5277719,0.62341714,1.9394635,0.78990775,-0.3004428,-0.06711639,-0.8326072,0.8816964,0.5662707,-0.5144258,-1.0421748,-1.3212337,0.98651403,0.12037313,0.21498454,-0.82294863,-1.4635031,0.9626136,0.042039037,0.90723467,-0.38593313,-0.23681784,0.7132982,0.7323481,0.79756564,-0.29520124,0.61454725,1.1090995,-0.10477201,-0.51348835,1.3427476,-0.6544457,0.6294765,-0.058422312,-1.8415656,1.128594,-2.7578537,-1.9841281,0.5273301,0.5270712,-0.63757986,0.1478221,-2.53143,0.70697546,0.24972549,-0.045642853,0.020841483,0.49325418,-0.028901523,-1.8740555,2.1963322,1.2008008,-1.2849447,-0.34513724,-0.23603418,1.0788496,-2.1592689,-0.49900827,-1.7606364,-0.2850955,-0.4725009,0.07969407,-0.6048744,-0.7510234,0.6196567,0.45467275,0.55139834,-0.17690009,-0.5717386,-0.11885248,0.50116205,-2.1767797,0.39411193,0.30913818,0.062150907,-0.14931342,-2.5661194,-0.43985325,1.7894387,0.012901296,-0.30728984,0.016906196,0.35477287,0.6588203,-0.22888017,0.4249196,1.6766508,1.0062509,2.3403003,-0.65677035,1.6761895,-0.7906736,0.35356614,0.73247653,-0.5107772,0.087964274,0.9104611,-0.7102709,1.6693834,-1.3845966,1.9396914,1.0013261,-0.08972558,-0.4026682,-0.5070283,-0.13579564,-0.048495863,1.2552263,1.9686542,0.19937992,-0.8456285,-0.54572606,-0.18309079,-1.0301222,-1.1789414,2.0971272,0.30261353,-0.83313316,0.81660354,-1.1783462,-1.096012,-0.8030424,1.6545132,-0.25288007,-2.441707,1.210066,-0.30638137,-1.849408,-0.3166835,0.5210039,0.40404916,1.798415,-0.8527679,0.04672012,-0.6995693,-1.5421929,0.8855274,0.46326956,0.28367844,0.4267902,-0.68547285,-1.0056951,0.037647374,1.1612114,1.6080772,0.7954327,0.029174427,0.26978394,0.01159386,-1.0259434,0.024647377,4,-1
-1.3348268,-0.12407722,1.6361051,0.8228592,-0.9231192,-0.07242907,-0.83437634,-0.06251377,1.0411078,0.6530079,2.484144,1.1924773,0.20400038,0.67714995,-0.20244317,-1.1275042,1.3057766,1.0089915,-0.24105422,0.27393574,1.2409391,0.84635144,-1.4631013,0.24362002,-0.16763152,1.1130008,1.0310427,1.3186078,-1.1178943,-0.78411156,1.1140825,-0.59164584,-1.521433,0.53259647,-0.54721844,1.7897907,0.29618454,0.16025929,-0.3692439,1.5908353,0.35855445,-0.4084995,-0.7940837,-0.07347305,-0.9776468,1.0288775,-1.8083421,-0.13951403,0.6101335,0.34211943,-0.71728295,0.6602587,-0.8860394,-0.022384657,0.6518416,0.46291277,-0.675039,1.1974945,0.08669457,0.7429954,1.529101,1.1175206,1.1201293,0.19267993,0.7939351,0.21359657,-1.2093245,0.3027438,0.25636098,0.5837294,-0.12799698,-0.76145554,0.65650606,-1.3132722,1.4588192,-0.23141806,0.24552818,0.55855817,0.59068805,-1.4089843,0.8240866,0.30315384,-0.63526136,-0.7496669,-0.33405307,-1.2987417,1.7222674,1.4861513,0.4517002,-0.22339842,-0.19710799,0.7580657,1.7578269,-0.5703967,-1.117586,1.5476408,-1.7871386,-1.0085309,-0.2468579,-1.5604335,1.1121491,0.8569053,-0.5747932,1.2796141,1.4492924,-0.113170646,-0.4506682,2.259602,0.72116184,0.25632465,1.3635459,0.30193064,-0.5056206,0.08015976,1.0386543,-1.9921856,-0.28803074,1.3830574,-0.5118684,1.5461086,1.4147438,-0.065529115,-0.5685393,-0.28735888,2.6646144,1.8744245,0.12539098,-0.6081535,0.11704104,0.24382693,-1.2433587,0.08004127,1.3224043,-1.7993567,0.826584,1.3747979,-0.56055737,1.6941757,-0.69033706,0.44108266,-0.30677268,-0.30699635,-0.6172991,0.6985755,0.8488055,-0.0644222,-1.3599682,0.40317017,0.42201436,-0.21671501,1.8672312,-1.5639293,-2.2172837,-0.7308349,0.71042454,-1.0558447,-0.9809709,0.9510213,0.46254793,0.37706092,0.78142893,-0.42519295,-0.37898406,0.8097793,-1.3448868,-2.1427197,-0.43328416,0.9308733,0.2555597,0.8572915,-2.0162942,0.3154968,0.6538645,-1.3507974,0.86205757,-0.1115189,3.0713367,-2.177236,1.3691144,-0.3941581,-1.6171517,-0.5269551,0.27747923,1.0374666,1.7219642,1.4218931,-0.96538204,1.1301647,0.39128494,-0.654603,-0.21191059,-0.7098427,0.037092343,-0.7296579,-1.027994,0.47911912,0.62873054,-0.187597,1.3676513,-0.26043057,-0.30277455,0.66048896,-0.13242559,0.08479773,-2.5204384,0.016707385,-1.8271959,-1.2209506,-1.3353225,-1.0425831,-0.5488539,-0.4864926,0.6642752,0.22238782,-1.9010744,0.08329464,0.31825525,-0.32856652,-0.060885977,0.19031012,0.7645996,-1.57488,-0.24431704,1.5083361,1.4166613,0.85093695,0.5368247,1.6546347,1.917848,-0.12907998,-0.9694324,-0.2702923,3.0966954,-1.5693563,-0.47053915,-1.4126911,0.12476386,-1.2026911,-0.10875102,-1.9500952,0.61762065,1.2223452,-0.38394362,-0.13513,-0.16340724,0.18091068,-0.038169585,0.76811695,1.2330391,-0.81407124,-0.3093285,0.90161943,-1.421669,0,-1
-1.9707212,0.22631596,0.4963464,-0.7223002,-0.5786511,-0.76019233,-0.86692524,0.6934958,-1.1804985,-0.26552287,-0.90533614,-1.455289,0.87017816,-0.5198252,0.18844008,-1.5080758,-0.7419394,0.7560879,2.5872715,-1.9762161,-0.2011078,0.4122806,-0.61610013,0.849522,-0.86673266,0.15384766,-0.5220719,1.219431,-0.6763645,-0.3518738,0.945689,-1.0280386,0.06875005,-1.8225343,-1.0879334,0.38213128,-0.9906975,-0.54457295,0.4930864,-0.57918614,0.82284206,0.21566279,0.4356831,1.2409656,0.31982306,1.5388473,0.9112623,-0.5234524,1.293148,0.263866,-0.3946797,0.2783857,1.1123269,0.4550451,1.8223928,1.0865306,0.52316004,-1.0260681,-0.17973252,0.07166414,0.6966315,0.63733304,0.1695404,0.120349914,0.7204569,-0.85858625,1.6955159,-2.0471668,1.4554095,-0.04518553,1.0025798,0.36384043,0.3460344,0.5542545,0.8090543,-0.32883084,1.0347991,-1.0844706,-0.0053305733,0.8359699,0.9950176,0.46078885,-0.39339244,0.8967078,-0.66936624,1.751409,-0.084670894,-1.5396256,-1.1946834,0.04364364,0.13982527,1.9696567,-1.0384994,0.039462198,-1.0594214,-0.49265486,1.683972,-1.1363362,0.58704245,0.39290735,-0.024171427,0.5194366,-1.1600204,1.6563225,1.9248455,0.047104698,2.4231062,-0.39902794,0.400432,1.431889,-0.45900446,-1.381549,-1.6117171,2.0608265,-0.52902466,-0.18573676,-1.1127641,0.9483393,-0.7815599,-0.49126303,0.29952043,-1.0640459,-0.17858227,1.4022096,0.4282544,0.1305423,0.21486472,-0.3891351,1.9961523,-0.81215715,0.21092616,0.115025565,1.0087625,1.103174,-0.032018803,0.2906665,0.32853475,-2.2721417,-1.5889896,-0.6050637,-0.56159866,-1.1992824,0.7495826,0.002118421,-0.21469454,-1.2561553,-0.044544864,-2.6266847,-0.16295631,0.063183665,0.24191499,-1.5641018,0.22481674,-1.0414313,-0.81246984,0.7179314,2.0141137,0.05135876,-0.81709546,0.18867044,0.93902916,0.62099755,2.7431128,-0.7153376,0.25223148,1.548918,1.4861592,-1.9500779,-0.00335762,1.4845208,2.890643,0.7037959,-0.3678633,-1.0092032,2.2187433,0.7287416,-0.8480669,-0.20315637,0.3101865,0.5438067,-0.8996187,-0.6141904,-1.6529346,1.0397623,-0.34161848,0.46632165,1.4222585,0.21987014,-0.11297048,0.19392148,0.063193604,1.246165,0.3108384,-0.544401,1.047849,1.2304844,-1.3383306,1.5327839,0.36471176,0.28326994,1.0066246,-0.56697637,0.9541645,-0.37677547,-1.4749507,-0.9977563,0.56702185,-0.94546837,1.6100761,1.1892835,1.3334391,0.124778576,0.2578616,-1.1937119,0.9957835,0.37983346,0.5673056,1.6883118,-0.605963,-0.12614155,0.3266709,-0.9354354,-0.18759882,0.4929498,-0.32542127,1.3089894,-1.5109246,1.1227713,0.6611855,-0.5688286,-0.92440856,-2.0802827,-0.795175,1.0471766,-0.056085728,1.1629809,-0.6198711,0.7071062,-0.7174986,-0.965575,-0.10712722,-0.6649665,-1.5428221,-0.1823147,0.10643542,1.2683586,0.93680567,1.2199432,0.7203575,0.33261275,-1.2289449,0.1498722,0.5967938,5,-1
1.457438,0.68628854,1.2403834,-1.0319979,-0.32641762,0.4293507,1.1609527,-0.14522864,-0.08244596,0.6871403,-1.1258708,1.6074046,-0.8791361,-1.9185895,0.010067008,1.6984587,0.58645314,0.7510905,0.041385762,-0.1523775,-1.5449094,-2.2593863,0.19627234,1.3125492,0.3441337,0.6235995,1.5837176,0.32876685,-0.1226551,-0.8185248,2.0222125,0.5265478,-0.9436017,-1.1711676,1.2530637,-1.0374417,1.8538342,-2.7564628,1.4225951,0.48689482,0.11859442,-0.17545843,1.8907299,0.70705885,-0.9032036,-1.71891,0.17729722,-0.0010711335,-1.519868,-0.055393524,-0.5739346,0.009290068,0.7259236,1.49261,0.90888906,-0.72144073,0.36891514,0.06310712,-1.332129,0.3982328,1.8566723,0.032426603,-1.5941827,0.030268671,-1.2137122,0.8636055,0.524865,-0.17091006,-0.33116427,-0.2122343,0.008274495,-0.77223504,-1.3877531,1.1386989,-0.38540098,0.1670431,0.28528196,0.32202047,-1.173818,-1.6758401,-0.58869255,0.39571154,-0.72794986,-0.35492134,2.1272974,-1.8454239,-0.75503397,1.8966041,-0.044598673,-0.7059852,1.1687689,0.055230435,-0.34830838,0.19236892,-0.65810883,-1.0174911,-0.11359693,-1.0109969,0.010693312,0.35440657,0.8530605,1.127925,-0.4057365,0.49941462,0.49252343,0.32781872,-0.4794594,-1.0280678,0.5020019,-1.7068626,-0.26783943,-2.553631,-1.3364024,-0.87713397,1.0967242,0.688108,-0.5539347,0.7293698,0.88762295,-0.16066484,-1.3843782,-0.20791231,-0.0978924,-1.2324544,0.3670468,0.27981186,0.4450427,0.2789231,0.729843,-0.17932802,0.2017851,-0.39774027,-0.58449924,1.3382497,-2.0437686,0.87676,-0.62054086,-0.7500382,0.2615775,-1.4896096,-0.81602305,-0.84913963,-0.22139826,-0.8041377,1.6011187,1.7970165,-2.0219936,0.5443227,0.85866344,0.5429852,-0.6581135,-0.24409556,-0.7482747,-0.42026404,-1.209965,-0.11478882,-1.5028017,-0.20013456,-1.2485816,0.20681636,-0.6794196,0.29058036,1.0815808,1.5894469,-2.5280046,-0.83419406,-0.30308607,0.4603278,-1.6503545,-0.9820924,0.1303572,0.08488824,0.3776184,0.44367573,0.33859444,0.19365531,0.05573977,0.6647631,-2.2393227,1.5443335,-2.204482,-1.0791618,-0.22676079,0.6726129,-2.995267,-0.028124323,0.79239506,0.9945181,-0.69732964,-0.30083528,-0.6161481,-0.39267465,-1.0318265,-0.8892522,0.43437693,0.13161537,0.4915865,0.2140144,0.7043386,0.878214,-1.7417166,-0.8543097,-0.23137596,-0.022677526,-0.67009056,0.91202366,1.9799484,0.18616195,0.084341034,0.84945625,-1.8658397,0.02846894,0.97903585,-0.643154,-1.2265606,-0.1858056,-0.060685433,-0.9086523,2.0961614,-0.47869638,-1.1536593,-0.09362132,0.90786064,0.01741425,0.48559391,-0.87151057,1.4876884,0.561711,1.0477016,0.36516064,0.82488406,-0.87305254,-0.4914104,1.3464806,1.559742,-1.1470656,0.24973607,-0.4309438,-0.6970315,0.2848397,1.140963,0.45166248,-0.31951246,0.51486117,-0.35997617,0.4121143,1.3964657,-2.0771596,0.7972523,-1.5390549,1.2283278,-0.6370256,-1.2176714,4,-1
0.6952692,0.36417007,-0.9991869,-1.2529998,-0.1874815,-1.2040869,-1.061473,0.11562079,-0.96587163,0.4265393,1.4901435,-0.14855541,0.13015106,2.0180967,-1.1876011,1.1912352,1.0708576,0.85431737,1.2917478,0.28057498,-0.5829295,1.0945733,1.1328422,1.1053139,0.044502083,-0.7161945,0.19136225,0.94223005,1.0243518,-0.42967612,0.31537288,-1.3087783,0.9849501,-0.78330874,0.7852554,-1.1493046,1.0314159,0.3218352,-0.7813577,0.69135636,-0.5903617,0.74955505,-0.27411148,-1.7210472,-0.9824162,-0.4304147,1.368189,0.9011436,1.6238614,1.6536353,-0.5347508,-0.18848686,-0.41127992,-0.6715106,-1.8414947,-0.014747718,-1.2855656,-0.034171883,2.1157708,-0.5093451,0.194774,0.9066484,0.2802913,0.2924842,-0.36240244,-0.23187797,-0.9600105,0.846045,-1.7414917,0.97108835,-1.4036983,0.96260726,-0.35381752,-1.2318687,0.5792986,0.92876756,-0.43807864,0.72061056,-2.2850845,-1.3205963,1.292409,-0.22366928,-1.8622134,-0.6988662,-0.92340046,-0.16596173,-0.370751,0.17893173,-0.069466054,1.3597393,0.4245486,0.4576716,1.1651571,-0.38876876,-1.2618774,1.2069703,0.13584174,0.1393512,-0.6333299,-0.6168553,0.84672236,0.9846558,0.78382343,0.7929616,0.5690295,0.13152273,-0.17537968,1.2103238,-0.37372088,0.3699792,-0.804013,-0.659299,-0.23615457,-0.8039384,0.7978518,-1.3480343,0.09922963,0.1325081,-1.8107996,-0.44102383,0.25569955,0.42872798,-0.20430721,0.6768882,-0.10931626,0.013652912,0.25165388,0.9269996,-0.675718,-0.48682186,-0.6688965,-0.33219773,1.4262342,0.5727253,-1.1310897,-0.60044694,0.3727672,-0.9065078,-0.72534007,1.3449596,-0.6133756,0.9546668,1.2553232,-0.7334621,-0.88996255,-0.27613208,-1.0886277,0.12103388,-0.20565191,0.36058003,1.3969434,0.817485,0.48923978,-1.9660484,0.44337597,1.7226276,-3.0105226,0.68938255,-0.15935858,-0.849795,0.80112857,1.709706,0.7752307,-0.37119195,-0.9434698,0.14462763,0.8731693,-0.387053,-0.29038298,2.8220003,1.0786519,1.1501287,-1.4602859,-0.70718867,0.07468164,-1.0011376,1.6003973,1.4103123,-0.5335453,1.7839186,-0.0042520966,2.5893898,0.14468613,0.57619274,1.3999034,1.2776333,0.51073205,-0.14114033,0.5141327,-0.81618416,0.15213372,-1.1093075,-1.7808816,0.050426763,1.2622778,0.9258046,-0.081912294,1.7469897,-0.5690614,-1.9178326,-2.1821012,-1.181191,0.81662476,-0.6348027,0.46095863,1.6462834,-1.100097,0.47849974,0.5389631,-0.860738,1.354211,-0.28770706,-0.38375297,2.1116133,0.52276677,0.9252905,1.354893,-0.650474,1.2498211,-0.5018941,-0.5446234,-0.27199998,-0.6220648,0.8221564,0.26721066,-0.4912244,0.67450505,-0.27518243,-0.32807037,0.048683885,0.46346036,0.38984764,-0.36324918,0.8471112,-0.22239415,-0.6549845,-1.4680216,0.9831785,0.012390076,0.21087235,1.045803,-0.47740623,-1.3743993,0.0697807,0.30796155,-0.26284906,1.4737376,-2.4861665,1.1200566,0.79115367,0.45677078,-3.3359015,1.2838888,4,-1
-1.0264341,-0.507692,-0.17059267,0.40741804,0.639428,0.89284056,0.81585354,0.2529272,0.41592267,-1.0907537,-0.7510268,0.89546025,0.83720946,0.7237994,-0.51441675,0.9104921,-1.1612445,1.0773598,-0.2608708,1.6841704,-1.521442,1.763404,-0.36146432,-0.37947926,0.19483882,-0.6970789,-0.072329,-0.73762625,-0.7010635,0.48688596,-0.9015655,-0.76819426,-1.3727913,-0.5039307,1.311602,-0.8459336,-0.73163325,0.19392195,-0.37079644,2.2281544,-0.16252796,0.33521834,0.9437688,0.9245779,0.23328759,-0.1611275,2.0240285,-0.09976027,-0.44169012,-0.645849,-1.7268032,0.82161576,-2.3480685,-0.005722841,-0.20486063,2.2399652,-1.8316512,-0.90110326,-0.13609646,-0.19752933,-0.5495446,-0.08098791,-1.2595627,0.35719287,-2.3214853,-0.025769357,-0.6003567,1.0162879,1.755311,-0.33105215,1.390726,-0.31611627,-0.9661265,1.7459036,0.52077645,0.0044385227,0.6871775,0.27421504,-0.06921941,-1.3264349,-0.27053675,0.62325543,-0.12277143,0.90232575,0.383655,-0.87813634,-1.3191719,-0.1571785,-0.52422845,0.3363218,-0.7181377,-0.6153923,1.0530697,0.14820297,-0.7027271,0.017641809,1.3789113,0.29378667,0.5929508,-0.7522345,1.0264194,2.3181024,-0.79146767,-1.181894,0.17554225,0.87550503,-0.09138967,-1.0532064,-0.10858416,0.59809226,-0.40703183,0.60725504,1.1647108,0.24023062,-0.02794777,0.8293439,-0.8561008,-0.9547098,-0.2665723,-0.49187946,-0.803342,1.8304684,2.1719933,-0.35370505,0.09171895,-0.18784282,1.1074992,1.3056456,-1.7772638,0.4760108,-1.3068213,1.7582722,0.44024804,-0.82334954,-0.24132138,-0.28897727,0.5251129,1.0419126,-1.1482073,1.8387545,1.6056901,-0.8753236,0.07280179,1.7108085,1.2329186,-0.33674303,0.8143398,2.9971983,0.10515998,-0.6326482,0.17241985,0.2465521,-0.5245367,0.44162506,-1.2544011,-0.66553384,0.75824475,-1.7548709,0.9031676,-2.0119812,-1.7313246,-0.49897873,0.28686383,1.3252636,0.057622764,-0.24655361,0.57958126,-0.87089884,0.13941516,-1.1994462,0.08259052,-0.12983632,-0.80426794,0.16504064,0.15854965,1.175454,-1.6056334,-0.07604891,-0.76026237,0.86976206,0.7539121,0.50787985,-0.7038333,0.88547057,-1.530131,-1.7353107,-1.275871,-0.03347481,0.6751644,-2.9760325,1.3227428,0.1311122,-1.5677724,0.10094697,1.0925254,0.599441,1.099073,-1.3662466,-0.41400525,-0.9246922,1.7175802,0.6393629,2.8470097,-0.46760952,-0.7246742,-0.14282663,1.3783572,-0.36611968,0.1244376,0.0966907,0.03949676,-0.65239847,-0.13729107,-0.1801026,-0.0075646597,0.9435168,1.760628,-0.8404348,-0.3919936,-0.8250119,0.18710154,-0.53834945,0.23979683,1.103627,-2.5258317,0.4917799,-0.46018705,0.46042228,-0.8964694,1.1962609,0.9132806,0.56835216,0.7932257,-0.7456205,-0.6196238,0.7524362,-0.76772916,1.4456351,-0.32359108,0.5018944,2.0992496,-0.70622337,0.06876175,1.0541831,0.9512774,-0.32781532,-0.5167304,-0.23313594,1.4478577,-0.27910584,0.078115694,-0.42678648,0.7055486,2,-1
0.15552504,-1.0034338,-0.9688241,-1.9986056,-0.8313214,0.7939458,1.3237605,0.6855584,0.5546322,-0.12652604,0.77491456,0.28627822,1.804449,-0.09844531,1.343008,0.8741141,0.7354433,-2.0114913,0.92918956,-0.12750798,-0.44392648,-1.482913,-0.005587134,0.033551596,-1.3030019,-1.4732802,0.48661947,0.8717051,0.19028291,1.1508347,-0.08638498,-0.054351274,-0.917028,-1.5602419,1.8546622,1.131299,-1.3925126,0.15575191,-0.100046314,-0.27399248,-0.40901786,0.38126916,0.81817555,0.40239117,-0.12051837,-0.15722671,0.9368143,0.46344495,0.072689466,-0.035901297,0.3452705,-0.46834868,0.8215388,-1.0758586,-0.4114565,0.6111061,-1.1328828,-1.5730085,0.06307767,-1.6964581,-1.2988036,0.7565941,-0.20478526,1.2854869,-1.2048143,-0.093952365,0.39958456,-1.170515,1.0317619,0.5106789,-1.6092871,-0.037741795,0.38595673,-0.59005666,-1.479865,0.2784588,2.211243,-0.3869841,1.5692412,-0.7522888,0.21554564,0.7715225,-0.008413666,-0.29773566,0.7261275,1.8914552,0.30058694,-0.5160602,-0.18975155,2.5197077,0.13490711,-0.5944137,-1.1450679,-1.8259012,0.36358428,0.654642,-0.39669618,-0.014970418,-1.1704617,0.13292846,0.48149532,-0.5351643,1.6904527,-0.83710635,0.2834766,0.8483172,-0.0772895,-0.18847682,-1.4288661,1.3573415,-0.1698932,0.53736544,0.6727205,-0.6282985,-0.1975286,1.3344823,-1.1171976,2.127918,-0.7448728,-1.1795175,0.13230902,2.2083483,-1.9109659,-0.14101572,0.476265,0.03364996,0.38192168,-0.7180331,-0.59972185,-0.14842264,-1.129888,-0.044686403,-0.3887453,-0.47004518,0.32050642,-1.8206595,-0.22909011,2.3173537,-1.0861096,1.2855005,0.054656122,-0.6029578,-1.3206416,0.13968197,1.4533972,-0.38921115,-0.08096142,1.0103709,0.3408708,-1.5722758,0.09888721,1.5122349,-0.036941186,-2.7414894,0.388215,-0.19845644,-1.8290944,-1.679208,0.97510713,-0.7323828,-0.9074964,-0.03563856,-0.644203,0.10004863,-0.20272003,-1.1999956,-0.5111978,0.44275331,0.04191804,-0.081942484,1.9373842,0.7310375,0.85244125,-0.1659684,0.2201452,-0.43109998,0.77754974,-0.1103999,0.22237775,0.1606113,-0.018166881,2.938188,-0.6666193,-0.6757115,0.69409674,-0.595169,-0.29140636,-1.086411,0.49155793,0.50425726,-0.31519207,0.7148167,-1.858125,-0.7068534,-0.16997918,-1.1722825,-1.748713,-0.30789596,0.6940201,1.2821084,-0.5472879,0.7332158,0.636542,1.2186081,-0.35019103,-1.7985005,0.070185855,-1.0137937,-0.7235051,-0.30121914,-0.33892763,0.14155927,0.7031563,-0.3677356,0.3956975,0.01481601,0.9354944,-0.18859185,-0.078926675,-0.37440044,-0.16224854,-0.78348815,-0.88259727,0.77576536,-1.0832016,-0.31911808,1.0153428,-0.3527008,0.8287405,-0.59104574,-1.0511636,-1.5948259,1.3127241,-1.1368712,0.7471866,-0.999947,1.3173839,2.2067828,-1.6865301,-1.0847565,0.77313185,0.5130429,0.77692187,-0.57375556,1.9875342,0.118049465,-1.2169626,-0.2531485,-1.2035669,1.5909413,-0.66033125,0.4924835,-0.47067314,4,-1
-0.6153873,-1.9102542,0.59817463,1.2991812,-0.9159676,-1.5452291,0.80331606,-1.6462413,1.219533,-0.9043951,-1.1032927,0.24846242,-1.0381393,-0.70711106,0.35398194,-2.4291124,1.6424192,0.043640133,-1.292966,-1.0172454,0.99164635,0.60105294,1.3867806,-0.68274283,0.29658383,0.4265679,0.6952675,1.1272811,-0.7172639,-0.11417027,-0.61014974,-0.052611873,0.6984328,-1.6540354,1.1093715,-1.1391821,-0.3073703,1.2439419,0.32800972,0.33952996,-1.180626,-1.044086,0.9412564,-0.5891436,-0.49491188,0.96395123,-1.0499135,0.26923513,0.042907327,-0.002685726,-0.51843566,-0.5798552,-1.0783641,0.48266503,-0.6681492,0.96874464,-0.22455505,-1.0584505,-0.23781388,-0.4108572,1.0091034,-0.3690002,-0.27621037,1.4115467,0.50826734,1.662706,1.259045,-0.88716257,0.98995084,1.5253032,1.5328132,0.988096,0.967523,-0.30266103,-0.8373821,-0.35221732,-1.664789,1.3427954,-0.28329295,1.2913307,-1.2314996,1.0826249,-0.49488065,-1.2843693,1.6271181,1.1073117,0.21179242,0.033937886,0.43951002,0.19462858,-0.79227597,-0.41205227,1.9607178,2.6721568,1.5626686,0.47822395,-0.33774903,-0.7981859,-0.7322824,-0.55326766,2.151164,1.8062823,0.7462784,-0.9606132,0.8930559,-0.23861703,-2.1530094,0.28710064,-0.84191304,-0.80805343,-0.250408,-0.49832296,-0.03425682,-0.08233055,-1.8758091,1.520278,-0.98337674,-0.95239836,-0.32855326,-0.10833485,1.4589798,0.26942345,0.5664655,0.2745362,0.23146158,0.30972952,-1.9327341,-0.24991849,1.1622611,3.942331,-1.204309,0.42307997,-0.5710466,2.047652,-1.3537828,0.6249395,-1.4072111,-0.31856668,-0.034313332,1.0696917,-1.0771668,0.66338307,0.018777722,0.27279338,0.9583327,-1.2825567,0.810595,-0.5689049,1.0958735,0.33455762,-0.20952839,-0.59002596,0.823295,1.2609516,-0.5328515,-1.1330066,0.69421107,-1.4485309,-1.3055124,-1.0627003,-0.41545048,-1.3363318,-1.9387999,-1.1354442,0.6424745,-1.2715441,-0.34026968,1.9466984,-0.04917413,0.342531,-0.94604003,2.1634748,-0.5412945,-0.22810468,1.3170587,-0.18173425,0.047888782,-0.28168833,-0.27483237,0.37050202,0.55294317,-0.64324844,-0.76608044,-0.6091361,-1.401254,-1.5904303,0.29716715,0.93859583,0.8710453,-2.3819914,-0.2450651,-1.1020919,0.14373744,-0.41782352,0.5919119,-0.01915309,-1.8960019,-0.9670859,0.0057851146,0.09011043,-1.4056768,-1.5364597,0.05624534,-1.4036673,-1.6686294,-0.4451405,-0.4884461,-0.8784005,-0.70373696,0.0138357235,-0.7201629,0.070697024,-0.38046855,0.16765015,0.87820554,0.8392478,1.2882105,0.8381469,0.23855753,-0.43343163,-0.38776094,-0.8777773,0.004529291,0.69738746,-0.7256676,-0.03721786,-0.6773622,0.20935433,-0.5493834,-0.7395106,-0.6799667,0.5033288,-0.0967494,-0.42842174,0.2614045,-0.4145162,1.1265179,-0.97386616,-0.18697152,-1.4047652,-0.3468744,-1.6796355,0.74631655,0.76650375,0.78417015,0.02887248,-0.8798704,-0.80034065,1.5301721,1.435677,0.12255516,-0.51563406,1.3686234,4,-1
-0.6945032,0.2288492,1.3519573,-0.8363385,0.8292236,0.5205608,-0.039516542,-0.9934336,-0.72443974,0.28945106,-1.4233367,0.13074386,0.541051,0.9852202,-1.398357,1.3162473,1.6953635,0.41015157,-1.0380486,-0.3281093,-0.047597244,0.2704635,0.021981552,0.28116515,-0.09074676,0.2651071,-0.46052343,-0.3381867,-0.5760252,1.9172596,1.4639008,0.5552942,1.325309,0.7984613,0.18127117,-1.5055714,-0.2621639,-0.3350379,-1.1330751,-1.4861623,0.49271935,0.32450432,-1.167397,-0.7458785,1.1612222,-0.8776965,0.1707989,-0.1897783,0.50636345,-0.85610765,0.09008348,0.16872257,0.2301808,0.07907386,0.34460932,2.1917703,2.561298,-0.6392161,-2.318243,0.5954953,0.18625246,1.0610418,0.2848859,0.05860394,1.1289066,1.2687806,-1.3865601,-0.81660616,-0.10559296,0.09843762,-0.2259832,0.43420717,0.9961048,1.7227097,0.57891303,-0.85233366,-0.14737622,-0.075352244,0.5146402,0.38816804,2.0503967,-0.46151313,0.38475055,2.3547113,-0.5852069,0.1451487,-0.9448805,0.0820869,-0.7802172,1.0468009,0.14731885,-0.93539727,0.8405677,0.17966604,0.95281875,-1.1476626,0.36882442,0.7733417,-0.42337748,-1.2590027,-0.041607495,1.2281153,1.1259303,-0.42842844,-1.2830855,-0.43117973,-0.46847764,0.44644678,-0.1050015,-0.7532642,1.1042631,0.14042586,0.43541566,-1.7249855,-2.424265,-1.4375458,-0.48054343,0.576356,-2.3422468,1.5928521,0.17056602,1.3602949,-0.88597006,0.50385994,0.08519593,0.8176863,-0.23379137,0.47321522,1.1021953,-0.6511763,0.24224423,-1.8878622,0.702503,1.9546626,-1.244436,-0.09138126,0.8804813,0.031417474,0.16509955,-0.39099944,-0.42815226,-0.08669415,0.04167142,-1.1814413,-0.06602199,1.5685339,-0.41913378,-1.237255,-0.15141606,-0.71461284,-1.3383418,0.13916846,-0.710282,-0.6247142,0.15342738,-1.5331746,-1.7415696,0.6708722,-1.9308336,-0.9766777,-1.7998395,-0.48613647,0.42805874,0.11233795,2.3918734,1.0869156,-0.9311578,-1.197055,2.706688,1.062572,0.5893696,0.07485181,0.27352157,-1.4820733,0.15703917,0.071231395,-0.90413886,-0.5385265,1.5151764,-0.12517492,2.0711713,-1.7406794,-0.5221302,-1.5472785,-1.2094225,-0.8282057,0.3153096,0.26682618,-0.6792903,-2.2277997,1.4776928,-0.28576472,-1.1162902,0.27493078,0.20444517,-0.32267648,0.14853102,-1.1550299,0.75991285,-0.9968671,-0.60556966,0.6488018,1.203959,1.5857745,1.0557983,-0.32407218,-1.541033,1.4050556,1.370696,-0.67197615,0.921189,-0.3321778,1.5012769,-0.5148647,1.9786513,0.78612053,1.7975448,-0.46379727,0.4050296,-0.96927917,0.84398925,0.89904153,2.397024,0.4820398,0.7240942,-0.47083038,0.5413794,-0.37989122,0.11586076,0.17451566,-0.35230488,0.0629451,-0.37529516,-0.37973112,1.0766647,0.17541364,0.34706628,-1.4573047,0.42345834,0.53042346,-0.39833862,2.0850296,-2.2892272,0.78436714,0.7128048,0.54158294,0.1762127,0.5506793,0.8681755,-0.7258876,0.29919562,-0.18331684,-1.0937684,4,-1
0.71717,-0.56436044,-1.4978586,-0.53911066,-0.7988989,1.028479,0.15319315,1.3823828,-0.66655624,0.8741699,2.839623,0.35603246,0.86164886,0.6935177,-1.4220753,0.5858173,0.30645633,-0.2597474,-0.88403636,0.69398326,-0.97240376,2.1336455,0.11416908,-1.223307,-0.5139963,-0.27813435,2.4123766,-0.88458896,-0.11621726,-0.5378284,0.4992585,-0.5218834,-1.1390567,-0.19529457,-0.29939383,-0.5922444,-0.5388104,1.1846958,-0.3197402,-1.1341276,-0.46211597,0.05433566,-1.3362696,1.625978,0.86757946,1.4301728,0.39212814,-2.0936975,1.5353338,-0.86356837,-0.78218675,0.15632515,1.3782299,1.0532871,0.9062811,-0.31182706,-0.3276075,0.34594366,-0.13007084,0.8893179,0.83011764,0.5913413,-2.5259614,0.12798837,-0.108853884,0.1680256,-0.7543246,-1.324786,0.4631385,-0.3563013,0.57469296,-0.67091435,1.4159106,1.0010649,0.2968271,-0.21328841,0.8524089,0.39254782,0.23858419,1.0428654,1.4265362,-1.2524111,-1.0503842,-0.78026074,-1.5024246,-0.06274853,0.60011643,-0.021418296,-0.53412163,1.1264578,0.14055641,0.34298298,1.1542348,-0.12324194,2.060214,-0.447815,1.9979482,-0.9747352,0.5174849,-0.64253217,1.1195661,-0.47823262,0.2908712,-0.650542,0.93722516,-0.6557513,1.6834148,-0.99599713,-1.3456279,0.9515521,-0.59164363,-0.0072373133,-0.32224116,-1.3126082,-0.07699367,1.264916,1.003137,0.23179276,1.1122683,-1.0595186,-0.32545432,0.39580494,-0.13041483,-0.24682333,-1.2006438,-2.0813415,0.81786644,0.24322157,0.9019984,-0.43723595,-0.7127779,0.0065479665,0.85419965,-0.23145221,0.8017852,-1.006308,-0.16144714,-0.07011414,1.2263899,0.2076274,1.7460775,-1.3476847,0.1299189,0.17939804,0.6200932,-0.8133599,1.6844463,0.012963941,-1.0870675,-0.01602499,-0.31316152,2.783235,1.0499436,0.049661357,-0.11191668,0.95105684,0.99886215,-2.9115498,0.64299315,0.027966544,-1.3111439,0.88021415,2.246188,0.55679595,1.1004285,1.8041191,-0.8302621,-1.8575715,0.6568661,-0.24761154,-1.3741734,-0.078169934,0.72754735,-0.14897166,-0.7868276,-0.22350706,-0.019476466,-1.9294822,-0.14277495,-1.3443404,0.65902597,-1.5610425,1.0126922,-0.40916505,-0.5429757,0.2944546,-0.86603445,0.27874574,-0.7321088,-0.5567345,0.40535417,-1.1385807,-1.2643373,0.24822551,-0.026899852,0.16869274,0.32763922,0.057375554,0.6080926,0.09743629,-2.007304,-1.7478846,1.9279492,7.1867056e-05,0.9502416,-0.3457039,-0.058015093,-0.45336464,2.4659274,0.25324243,-0.5348579,-1.6515397,1.9737334,-0.16327839,0.74422914,0.85599726,-0.4628305,0.67245275,-0.6041383,-0.99042636,1.1644647,-0.15818939,0.51851285,0.410921,0.63793194,-1.5565369,-0.58529055,-0.32447517,-0.83147866,0.42900684,1.1868931,1.3451847,-0.33920476,0.29196587,0.4456435,0.6212561,-0.8781351,1.8205802,0.92652017,0.95264935,1.2034601,0.53413594,-1.0273135,-0.13897273,-1.6510534,0.4150725,-0.16921365,-0.040522385,1.2040012,-0.45699403,-0.25212315,0.021973295,-1.8399923,0,-1
-0.26606366,-2.485795,-0.5855216,0.855189,0.44726655,-0.5948203,0.040798217,-1.0749896,-0.0023434032,2.9303203,1.8458014,0.05262213,0.16014417,-0.9795653,-0.8017891,0.36218432,-0.52489257,0.9041496,1.5696857,0.3326208,0.10173721,-1.6807796,0.7476103,-1.1436713,-0.41800913,0.9595759,1.0297582,-0.46650752,-0.40891555,-0.6993189,-1.1978538,-0.6347955,-1.61313,0.68306255,0.3945236,0.5605293,-0.95440406,-1.1950705,0.053514276,0.06410257,-0.14726983,-0.28948328,1.7107757,0.426025,1.9706784,1.268965,1.7032709,-1.0744628,0.593171,-0.4317655,-1.6633867,1.4960032,-0.29369253,-1.0551016,-0.41456386,-0.7962241,-0.693698,-0.2216034,1.7308152,-0.6663172,1.6592706,0.8488368,0.39627156,0.74812,0.0136556635,1.2860501,0.56698024,-1.6646659,0.29625192,0.78397316,-0.28900123,0.12625587,-0.612858,-1.3776257,-1.5503769,-1.537068,0.66904473,-2.4902818,-0.66647995,-0.7656533,-0.28215954,-1.8564316,0.4038881,-1.2731614,1.1324055,-0.6217657,-0.095613025,0.0037738564,0.24424106,0.037014376,-0.42711055,0.34304854,0.46614712,-0.7651347,0.42636782,1.1917202,0.7058942,0.93237525,0.17192085,-0.93615043,-0.80964446,0.31988797,0.94276375,2.7859118,0.98182195,-1.1704358,-0.7672726,2.2785172,-0.21438894,0.047514636,-0.9604169,1.5651034,0.5003332,-0.77460134,-0.9938253,0.30720395,0.044206176,0.8321102,0.54696846,-0.26448035,-0.5438016,-0.15994215,-0.5506809,-0.13019553,0.016440928,-0.8979309,0.63067985,-0.37042773,-0.8418844,-0.35160744,0.24225816,0.0830382,0.42211813,0.8983461,1.3049402,0.28548616,-1.0694023,-0.2691108,-1.0043184,1.6968541,1.9874009,0.6503112,0.8584588,0.25094318,0.3660559,-1.5974542,-0.073932365,-0.88115305,0.28135654,-0.059609845,1.9468219,0.9166277,0.28451198,-0.2669397,1.6760215,-0.029954646,0.33167395,0.042249605,-0.4041539,0.03650622,-1.9619669,-1.5477064,0.34963053,1.5681996,0.3482211,-0.72036886,-1.4428538,0.78452724,-0.5671952,0.64323545,0.38986516,0.4783004,0.03360171,0.38364437,-0.1194544,-0.63530654,-0.96349907,-2.3850088,-0.18110956,1.5193782,0.73008007,0.22770911,-0.734005,0.99733925,-0.11930931,1.5749344,-0.98108727,-0.74996954,-0.84726995,-1.4821184,-0.9370447,0.10321626,-0.712201,-3.8563752,1.0742733,-1.6840937,0.5892283,0.03121459,2.1173728,0.9969575,-0.5046046,-0.70206356,1.5027276,-1.4758711,0.19087994,-0.13112046,-0.34322608,0.353514,0.18955986,0.45740074,0.13897565,0.4176814,0.09336519,-0.65942687,0.0040012603,-0.7143866,-0.7803766,-0.33615,-0.11942316,0.035225306,0.91637886,-0.49846408,0.19685192,0.11802772,-0.6086283,0.07374079,1.0027214,0.18650621,0.22658393,-0.70532835,1.9688588,-0.6483564,-1.6677835,0.86018413,-0.11481704,-0.30304182,-0.5455538,1.8717146,0.35459027,0.5497512,0.16261563,0.2700496,1.3986247,-0.25085467,-1.4569376,0.8680546,0.4967016,0.10797981,0.47075325,-0.37074423,0.020692583,-0.13170025,-0.59148824,0,-1
1.1891727,-1.4122586,2.3608823,0.8773622,-1.7779756,-0.22416633,-0.16854592,0.39188662,-0.9893783,0.032025345,-0.121119395,-0.7376184,-0.87675226,0.91880465,-1.6965826,0.47787893,0.7975103,-0.21855834,0.05237284,1.163495,-0.7048515,-0.60165244,-0.49548367,1.1653256,1.2922938,-1.3958902,1.0062407,0.81890833,1.5535948,0.38510802,-0.044260122,1.1452167,0.6989038,2.2448983,0.95870787,0.15354797,-1.1741043,-0.5809172,-1.4359549,-0.21506204,0.9260676,-0.0036710885,1.0217253,0.33757374,-0.4030923,0.08762515,0.47209668,0.1392234,0.15068422,-0.7690501,-0.43297628,2.2584608,1.2284665,-1.473841,-2.3669689,0.07619242,0.8934729,-0.51994187,1.0216588,0.059654564,-0.16306128,0.7561152,-0.5318758,-0.28670633,0.67016727,-0.03139594,1.9087763,0.6938254,0.6288138,-0.049504645,0.87475467,-0.3226078,0.28237775,-0.916293,1.0394413,0.2906047,1.9825131,2.3922985,0.76331943,0.06842531,-0.94606453,0.9047498,0.21028456,0.53803486,1.7297873,-0.8244233,-0.9243042,-0.23642594,0.82120115,0.55486727,-0.89568853,0.7565529,-1.2012128,-0.8377417,-0.11545732,-0.5534313,0.8898595,0.28637847,1.7655612,-0.24718536,-0.12220215,1.2103826,-0.090920806,1.4940052,0.5408282,-2.3527865,1.1775705,0.9127268,0.9513326,-1.9109784,-0.66299,-0.5887048,-0.8411214,1.7419225,-0.011767838,-0.03656094,0.55200833,0.56930166,-3.3348927,-0.64635754,-1.4127886,0.4003061,-0.28889242,0.015387565,-2.0785198,-0.3098522,1.1151303,1.4094495,0.7188634,-1.3354653,1.2594018,0.72400224,-0.117189035,-2.0250363,0.9535949,-0.5921663,0.34616584,0.068393864,1.5383949,-0.12536699,-0.01511359,1.5786154,-0.65822226,0.8143228,-0.19861573,-1.002542,0.0011609867,0.6917051,1.3537098,1.474694,-0.29476407,-0.98724926,-0.3187389,-1.1815307,-0.2173862,-0.3416653,0.7274902,-2.2059352,-0.73360795,-0.7255183,1.1871272,-1.1138444,0.22665736,-0.12812841,1.0430425,0.5958319,0.12124373,-0.5546669,-1.8523425,0.24708566,0.5304898,-1.5748676,-1.2336942,0.25232998,0.3391417,-0.9906473,-0.57406473,-1.8364888,1.3772639,-1.2998744,0.5422594,-0.034960695,1.2895936,-0.7922541,0.06125271,-1.698427,-1.9385269,0.59633356,-1.7850258,-0.22821753,1.0112954,0.74668485,-0.6645855,-1.5885031,0.50949484,1.3422568,-0.66223806,-0.80331284,-0.524902,0.5716087,1.2285177,-1.2396069,-1.4982818,2.3399963,-0.17732279,0.2528928,-0.69193083,0.4899623,0.9600609,0.29979616,1.7408581,-0.3267446,-0.26288247,0.23140635,0.46496165,0.22794726,-1.284415,0.31251517,-0.37417358,-0.580977,0.032482054,-0.9615227,-1.1353914,-2.615469,1.7472373,0.5557313,-0.11676412,-0.6672232,-2.8760324,-0.72852886,0.7158663,0.9421743,0.642292,0.15839195,1.3038741,-0.32853723,1.0851889,-0.38458243,-0.8811413,-1.005713,-1.0644964,0.65906805,-0.7427456,-1.0330288,0.7137352,0.3279704,0.962592,0.5125995,-0.7531116,0.07610241,0.125133,-0.91915864,-1.104625,7,-1
-0.6807216,2.0365825,-0.4127441,1.2328668,-0.4686605,0.8888388,0.9024916,0.9525905,0.38782734,1.3773665,0.37835398,1.7135297,-1.6199198,0.34828624,0.2833236,-0.93651986,0.57958424,-1.4900826,-0.65418434,-1.9990878,1.5586265,-0.23154949,2.166884,0.8029499,0.4480982,-0.5862277,-1.04635,0.5229716,-0.07151401,-1.3392704,-1.5168585,-0.95870376,1.8209672,2.2132778,0.20498915,0.1489428,-0.33632037,-0.9344854,1.375179,1.8735764,-0.8934191,-0.08283838,-0.4498663,-0.42023906,1.1859082,-1.3119615,0.4664697,0.7282381,-0.14215118,0.89306784,0.14765184,1.21713,-1.5222054,-0.34877527,-0.071813144,-2.6722074,-1.0859528,-0.8135992,0.948206,-0.7068433,-0.818079,0.8174858,-1.6179106,-2.071244,-0.3615923,-1.4477068,-1.4096793,0.5734338,0.8759738,0.7888642,1.1087767,1.2411343,-2.12859,0.45041195,-0.5296082,-0.74742424,0.5604146,-1.7302955,-1.7511086,0.63357276,0.48778602,0.13673265,-0.8799134,0.7438296,0.6803029,0.08530451,-1.1773211,-0.42524835,0.8378337,1.3271912,-0.3265366,-0.24967296,-0.1616891,0.27489302,-0.5810673,-2.894185,1.192769,1.7946889,-0.6123999,-1.0666534,-0.13710052,-0.18750389,0.99551857,0.05463944,-0.7926228,-1.3184094,0.8656342,0.59951127,1.0605599,-0.96818674,1.8384368,-1.7436945,0.70960104,-1.9095827,-0.79033136,1.5610229,0.8313643,-0.5462204,-0.51883703,0.10062211,0.51414096,1.2515794,-0.456234,-1.611785,0.15696862,-0.45743084,-1.3006337,0.2976689,-0.21311375,0.3065122,-0.8944442,0.48671052,-1.3170981,-0.8277314,-0.24291423,1.7418184,0.7848254,1.0771925,1.4170771,3.602832,0.041589066,1.420401,1.0126352,0.9960325,1.7742397,-0.41931304,-0.49868503,0.3197655,-0.18269977,0.31850085,1.5627488,-0.47814673,-0.30467898,0.174311,-0.22831842,-1.9140059,-0.58012766,0.6873732,1.4375467,-1.1546186,-1.1592824,0.030233802,-2.0755951,-0.4449702,-1.736042,1.3690614,-0.76933116,1.6528342,1.1135213,-0.6463173,-1.0719596,-0.19354574,-0.10464662,0.34614694,-0.7765433,0.7463949,0.26532805,-0.34039515,-0.71204066,-0.18488498,-0.81690127,0.058438696,0.08543868,0.26170728,1.7662424,-0.13244472,1.0045979,0.22958739,-0.2382443,-0.11915927,-0.05882641,0.27976772,-0.9593208,-1.4653404,0.6542974,0.89812386,0.7456358,0.15497202,0.7672246,0.71342903,0.78762937,-0.8595408,-1.0969518,-0.38856924,-0.01738411,-0.24192113,-1.8766904,1.7216926,-0.27404597,0.17270441,1.244549,-2.3449724,-0.5116939,-0.38711727,-0.33631006,-0.17348659,1.4471349,0.6734589,0.9580353,0.047120273,-1.399373,-2.0796971,-1.5294077,0.3597657,0.03176971,-0.21016365,-0.3685769,2.0117216,-0.8229036,0.92781943,0.001912936,-0.060939513,1.1766375,1.4625304,-0.23954946,0.79920274,0.36389136,0.007437139,0.20425494,-0.6880088,-0.30609939,-0.5806353,0.9013767,-0.09520111,-1.297714,-0.72343725,-3.1992645,-0.4944926,0.037645064,-0.13613585,1.9801544,0.57490605,0.53045183,4,-1
-1.6432691,-0.36464205,-0.4866628,-0.7860812,-0.7998807,-1.808123,-1.2758532,0.8740934,-0.1429147,-0.50640243,-0.005411335,1.1673907,0.004210521,0.54037416,-0.8466048,-0.61862993,0.35397688,1.8926537,1.4297749,0.58282804,0.15143377,1.4010694,0.79467833,-2.293662,-1.0539309,0.33814034,-1.7869675,-0.897589,-0.6998149,-0.2561659,-0.2874302,-0.28912044,0.8253075,-0.26522386,-0.38463014,-1.3491721,1.0243462,-0.6714975,-1.0870303,0.21309057,-0.76694125,-0.52595276,0.25846016,-0.32648262,2.3116093,-0.07482854,0.6178382,-1.941694,-0.8606491,-1.0869137,-0.95437974,0.41553798,1.035565,0.3446305,-0.22664462,-0.630855,1.1135998,2.0712554,0.1350557,0.93936306,0.34337035,0.7555049,-1.1645467,-0.4881363,0.39546943,1.2124909,-0.81813425,-2.0332992,-0.49826443,1.0101308,-1.5838956,-1.1769199,0.15591858,-0.11597125,0.5944665,-1.2287267,-0.3249786,1.1951854,-1.1928962,1.4769123,-1.067417,0.84938157,-0.3729585,-1.1449083,-0.49689904,0.5449292,-0.006853995,1.1184694,1.4357401,-1.1830307,-1.2562691,-1.3047937,-0.8991961,1.1042145,0.5603619,-0.54502755,-0.011102591,1.4043055,1.9080108,0.25938433,-2.6592813,0.2972871,0.9347481,0.22463232,0.72651494,0.35706538,-1.2346454,-0.88623846,-0.32115218,1.0654148,-0.76588404,0.45590264,0.30369258,1.5861973,-0.041679777,-1.7547585,0.6468705,2.1380553,0.71238333,-0.7876616,-1.0819459,-0.95296884,2.0033119,-0.32732743,-0.6626434,-0.15843664,-0.31690705,1.5676503,-1.0144775,1.1806432,0.1220921,1.2070265,1.5826191,0.084797636,-0.3150636,0.06617883,-0.09477067,-1.6569664,1.5524803,0.24578501,-1.1630992,-2.0675232,-2.3275993,0.77048045,-0.61897755,-0.45490068,0.48815426,-0.51604813,0.5465244,0.09526406,-0.08412959,-1.5727504,-0.81973135,0.60253537,-0.6820218,1.2053696,2.3464012,0.6563853,1.492832,0.72072726,-0.534262,0.20015167,2.013321,-0.5235537,-1.0393273,-1.1341944,-0.21752939,-1.0034721,1.6740195,0.21635653,0.9717263,-0.2986654,-1.1401972,-1.309394,-0.90799177,0.3475255,0.5198829,0.6031961,-1.4886727,-0.0004091859,-1.0260618,0.40146598,0.47907704,-1.172173,0.9680296,2.3388228,0.8348357,-0.16283403,-0.3165457,-0.20906398,-0.76073384,0.2523982,-1.1384625,-1.8896978,0.21960168,0.021233065,-0.57117003,-1.2826966,0.28974402,-0.990175,-0.13894436,1.7649719,0.65118974,-1.3691326,-1.2748516,0.1518191,-1.3753207,-2.0017254,0.532372,0.32093576,0.45059833,0.26303518,-0.06531071,-0.66218853,0.516135,1.5298835,-0.501229,-1.0207402,-1.1351194,-0.8667302,0.20259853,-2.1396275,0.43917042,0.64391303,-1.7980784,-0.97918046,0.07968098,-0.14346974,0.51963747,-0.14113683,1.2647696,-0.3211694,-0.983033,-1.0634419,0.7354685,0.029621141,0.6337159,0.6131225,-2.0198498,-1.1400826,-1.020625,-0.8160642,-0.42035532,0.9991496,1.1984824,-0.29289082,-0.25128087,-0.7054337,0.0891877,0.20252088,0.8064756,0.7984387,-2.302118,6,-1
-0.15254495,1.3841001,-0.43811494,1.1392418,-0.3064518,0.17492346,-1.1368906,-1.0992485,0.7254916,0.8818183,0.026428906,-1.2275243,0.043804556,1.2572349,1.7428665,-0.31670794,-1.6598679,0.8403636,-0.2759631,0.94304067,0.28107223,-0.88344413,0.058244362,1.3083384,-0.14915399,-1.0348052,-1.5886441,-0.7721647,-0.41013625,0.81999916,-1.1208493,1.5537518,-1.3371522,2.331486,1.7255186,0.14116625,-1.6476935,-0.05542406,-0.38684097,-1.2742872,0.29100963,-0.82364315,-0.71490586,-0.20367864,-0.57490885,2.0781567,-0.5357146,0.440881,0.14552249,0.3527502,0.4290884,0.8813615,0.26644608,0.22489579,0.05847707,-0.13841785,-0.9117979,-0.06086838,0.24126737,0.40216455,0.18028477,-0.23295501,-0.057079904,-0.5536465,0.313224,-0.22112823,0.18056093,1.000803,-0.70935893,0.59669536,0.03321018,2.0211935,-0.21630032,0.69516456,0.0153534515,-1.3883045,-0.5206891,0.8804711,-0.43269446,-2.2202563,-0.031403016,-1.0923363,0.13181773,1.5511471,0.76945734,1.5366558,-0.561512,-0.14316633,-1.0444362,-0.68404347,-0.92688483,-1.306723,1.3658566,-2.0919602,1.3701389,1.246059,0.49979267,-1.1145073,-1.5821751,-0.5484037,0.62512046,0.0030636375,-1.0434995,1.1482048,1.6843833,-0.22659916,0.109336905,-1.5088487,-0.41438672,0.51044,0.35485655,-0.50766784,-0.2742435,-0.44721073,-0.2784647,0.4232348,-1.967537,-0.074349515,0.34997553,-0.5704847,-0.47933304,-0.45039445,-0.47904998,0.005883778,0.12900276,-2.1005144,0.6528804,-0.2899989,1.9329631,-1.1916485,-0.8673145,-0.20290898,0.41322544,-1.9507673,-0.8291001,0.59132016,-0.94812393,1.3700264,-0.4538836,-0.8993732,0.6102443,1.6076174,0.41639626,1.2604294,1.6766354,-0.92185867,0.9383913,-1.5234705,0.42490253,-0.07131789,1.2429502,1.1722515,0.56978333,0.2984279,0.5083687,0.06177087,-0.061195742,1.4425782,1.5628898,-0.1416592,0.2376364,0.08165523,-1.6116984,-0.3364356,1.5997041,-0.7497759,2.1145434,1.1721263,0.40149814,0.5608433,-0.9172067,-0.26522875,1.4413991,-0.6145293,1.0611317,-1.3770401,-1.1981584,1.9013847,-0.011837146,-0.5384999,1.3627409,1.2458216,0.92075455,-0.5698979,-0.28691757,0.31162882,0.69439936,-0.5084836,0.17073712,0.2673913,1.2867697,0.7544658,-1.5068016,-0.2136303,-0.92878336,0.5680874,0.92315334,0.10155599,-0.26812702,0.06916979,0.20891927,-0.64009964,-1.2187111,-2.050139,1.2671821,0.49636623,0.362511,1.265199,-1.255468,-1.7356309,0.38423193,0.29327136,-1.7313068,0.35952106,-0.40022296,-0.8070881,-0.3334237,-2.4415286,-0.5913742,-0.70429456,0.55710244,-0.15823014,0.63886887,-2.5495393,-0.8390982,0.5559971,-0.30886462,0.84546053,-1.8046029,0.7311108,-0.63913924,-0.7361971,0.991047,1.1619011,1.0346997,2.038642,1.2668036,-0.79543656,0.14163813,-0.3601979,2.02909,1.10487,-0.18888013,0.8779098,-1.2321985,0.25026172,-0.9379225,-1.6885922,0.78453624,0.9085911,0.45721263,-0.18296704,-1.2663586,5,-1
-1.1613469,-0.96928,-0.23367329,1.0761788,1.0604042,-1.6485676,-0.6932333,-0.720161,-2.531583,0.5661209,-0.24615982,-0.113142535,1.3458711,0.08830901,-0.43073046,0.57207763,1.0588719,0.29646757,0.6891896,-0.14556766,-0.08185775,0.11302071,-0.75312096,-0.5680616,1.3778796,2.007956,1.5921979,-1.3232573,-1.4198575,-1.1907095,0.13438745,-2.8087246,-0.58880156,1.4070992,0.9824388,-0.50909466,-0.43335545,0.5672417,0.93526876,-0.53313726,-0.23436601,-0.5660097,-1.3313495,-0.21974374,-0.29592755,-1.2606441,0.6460809,0.48332068,0.6957197,-0.76807034,-1.9835757,0.46733114,-0.6641127,-0.89066815,-1.257053,-0.27532253,1.5773273,-0.50544953,-1.0898031,0.6519334,0.17281228,-2.1193013,0.6623463,2.1284678,-2.6005359,-1.235706,-2.8485272,-0.07530442,0.99038625,0.10550075,1.3919957,0.8305503,1.7021474,1.1602107,-0.40294307,0.06672645,-0.8686769,-0.23065616,0.06183167,-0.08490732,1.3422536,-0.33016807,-0.9320864,-0.869611,0.6551003,-1.4031384,-0.20118617,1.3275002,0.29259846,-0.07460539,-0.035910405,-1.0295646,-0.8571347,-0.19518167,0.27127302,0.94815004,0.09256062,1.3527741,1.605198,0.7952672,1.2249814,-0.99071354,-1.1491989,0.51797336,-1.3412098,-0.29037184,0.7711919,1.4133729,-0.25421566,-0.6499443,0.32046163,-1.0735434,-0.17327864,-0.008000048,-0.027983993,0.08850347,-0.83451486,-0.72699296,-0.74711627,-1.6200943,0.3418303,0.89465743,0.79631007,-0.26249686,-0.81100523,0.7443147,0.63892305,0.21742064,1.7443112,-0.026425522,-0.25688997,-0.39981732,-1.5608777,0.66133994,-0.105485365,0.50993127,1.841878,-0.39075178,-2.3380086,0.48107037,0.16685939,-0.7324539,0.39726633,0.78609633,-0.9466099,-0.30133185,1.4767537,-0.72162217,0.066669755,-2.624411,-1.4818455,0.1575175,1.2279878,-1.3620297,0.07456406,-0.3757179,0.95308805,-1.2178034,0.43007764,-0.6536907,0.22303802,0.06893105,-0.25177908,0.47781184,0.043652736,-0.1328063,-0.35641652,0.07759839,0.22204354,-0.98914206,-0.34947124,-1.0551859,-0.039845422,-0.5923322,0.7707831,0.672727,-0.92274857,-0.0023073454,0.6385166,-0.17530832,-0.72821754,-1.0924035,0.85426754,0.9027131,-0.2079476,0.7661376,-2.9652104,1.3275547,-0.15694481,0.14177656,-0.32051772,1.3957075,-1.0607316,1.4744604,0.39627093,0.6226642,-0.32920456,-1.3082192,0.93051076,0.31140834,1.3616234,-0.19377632,-0.41923138,1.3880882,1.9118942,0.009347176,-0.7527575,0.8105308,-0.25402057,0.59926283,-0.25927597,1.5640141,-0.69948953,0.48052967,-0.48870197,-0.28150657,-0.41205564,0.73860806,0.9183631,0.55773884,-0.10798347,0.14018004,0.8977216,0.9293116,-2.6902757,-0.27222216,-0.2242588,0.6692526,-0.066770814,0.7191834,-1.0786607,0.26005453,0.9002057,-1.4743829,2.5136435,1.1908859,0.0013533025,-0.8284081,-0.17508516,0.08380236,0.44066256,1.5006609,-0.47609848,0.5627098,-1.2924292,-0.4136007,0.37671685,0.6912625,-0.7532325,-0.4407917,1.4605566,1.1619086,0.20845722,6,-1
-2.2366452,2.5111325,-0.019931562,-0.31256706,-0.5223599,0.37636703,0.38658258,0.95062786,-0.92606217,-0.31249487,2.0305457,0.22459063,-0.17252438,-0.9416178,0.5059343,1.0310183,0.87458766,-0.25880086,0.36125228,1.6716595,1.0708823,-0.78416276,-2.546005,0.2967725,0.7985681,-1.0892245,-0.008789523,-0.26369905,0.10428632,-0.5446963,1.290511,0.14796887,-0.8790169,0.91746217,-1.2641876,1.2844944,0.9910594,1.3897753,-0.15824637,-0.496114,0.08402176,-0.08443679,-0.6527363,-0.5536233,-0.36637285,-1.1700037,0.6779633,-0.052297138,-0.30837846,-1.1103542,-1.160373,1.935914,-0.62725747,0.6105284,0.16263448,-2.7751884,1.7924508,0.684084,-0.76767015,-0.028366504,-1.1491834,1.8262205,-0.9076577,-0.523084,-0.7295611,0.0803794,1.3703165,1.7893745,-0.39899614,0.37825897,0.08190541,-0.9816093,2.4225557,1.3627596,0.18911585,1.581876,1.2121067,0.08186134,0.32596362,1.5121261,-0.9461536,1.6736907,-0.22511256,1.5246768,-0.0052265977,0.33760622,-0.034308355,-0.5318436,-0.2700549,1.3791114,-2.314164,-1.238966,-0.72547174,-1.0783448,1.5099796,1.257677,0.59203184,-0.6378041,1.3350519,-1.5881299,2.1419826,-0.6846298,-0.26203522,-0.42934385,-1.0731074,1.9251131,0.78889465,1.2154706,-1.2236693,0.18093783,0.5210287,0.2707565,-1.1603734,1.0755,0.12155008,-0.95496404,-1.8552506,0.6066665,2.4504557,-1.0152543,0.17044705,1.1104972,-1.2696522,-0.47995678,-0.8601588,0.9846767,1.3255225,0.15903626,-0.84173405,-0.44279093,-0.6304985,-0.9772689,-0.1020382,0.5748265,0.49025744,-0.008232364,0.057053838,-0.08155079,-1.2972115,0.1601349,-0.5836256,-1.3473432,0.37070557,-0.61173004,0.22775392,0.84763783,-0.9502387,0.09212128,-1.8104229,1.532533,-1.3590665,-0.5148197,1.3383799,-0.23452292,-1.1973977,0.71307325,0.69053245,-0.63318634,-0.52492654,-0.43540898,-0.20702396,-1.892971,-0.18142386,1.7839142,-0.89597,-0.5834936,-1.1836177,0.61216193,1.2031974,1.1803179,-1.2480106,0.49979174,1.43375,0.5096631,0.47840968,-0.47164258,0.22010982,1.2363182,0.32820898,-1.2482748,-0.45604166,1.2092795,0.32474333,0.11906208,-0.5540155,1.1885992,1.6624126,1.2631891,1.4425917,-0.35870624,-0.5001691,-0.15634517,0.038573243,1.4310198,1.1658868,0.5384694,-1.4311868,-1.6880219,0.24046275,0.8802632,-0.07956705,1.9149045,-1.0824411,-1.208352,-0.66428095,-0.7022972,0.5262859,-0.42171186,-1.5478405,0.89157844,-1.759952,-1.0712183,-1.6227065,0.20712128,0.18604772,1.9164543,0.91382664,1.4416462,0.28860965,-0.9769318,0.1281076,0.592421,0.70380735,-0.47241214,0.48878646,-0.933028,-1.0432776,-1.1157848,0.024625989,-1.1778363,-0.4247444,0.90291655,-1.0291296,-0.50431204,0.071631275,0.2468869,-0.4992906,0.78686005,0.5904523,1.1398566,-0.081601925,-0.5128188,-0.682632,0.30702752,-0.37715578,-0.56916976,-0.44828728,-0.6836905,0.19902112,-1.4125832,0.3030163,0.6765488,-0.58087915,4,-1
1.9220369,0.01762131,-1.561343,-0.2812429,0.06265614,0.44896755,-0.25743052,-1.0115703,-1.0949806,-0.65359926,-0.5577754,-1.1349741,-0.7328132,0.6594585,1.6484126,0.7554617,1.3058611,0.9741185,0.8331303,-0.33779627,0.14091088,-0.42061934,-0.21910717,0.0681671,0.7135661,0.4233234,-0.16182926,0.05553874,0.43346366,0.66739446,-1.5189952,-1.077389,1.1073105,-0.06086957,-0.4240766,-0.26349947,-0.2637053,0.5579378,-1.1080164,0.024777746,0.24611773,0.39626792,0.222864,0.5159062,-0.57269615,-0.94180274,2.4570045,-0.30126467,-0.18445447,0.6778401,1.5960892,-0.5445281,-0.99881524,-1.2421534,1.5931063,-1.038107,-0.027555937,-0.97728485,-1.4483559,-0.29237536,-0.93778664,-0.6916284,2.0061052,0.4248961,0.9314695,0.8246596,-0.10086092,-0.43971837,0.24893461,0.16845077,-0.5688054,0.12984782,-0.7063297,-0.17145793,-0.3352835,-1.2688726,-2.3511581,-0.93906325,1.8041047,-0.30968177,0.77596813,-2.1244452,-1.0082861,-1.3544896,-0.20230001,2.4219556,0.46023893,1.6956125,-0.25443673,1.3648694,2.0732567,-0.10936907,-0.53926474,-1.3178109,-0.30906025,0.08189668,2.0309536,-1.294974,0.059661895,-1.8143082,-0.42676282,0.31139535,0.51258314,0.58902305,0.39740404,0.5804219,0.04573913,-1.0478663,-1.8516569,-0.54668784,-0.13461544,1.2539318,-0.10060167,-0.19656904,0.38552713,-0.270012,0.810542,1.9793336,2.1907854,0.09704063,0.33689237,1.5788561,-0.14996202,0.6791921,-1.1351601,-0.31083915,1.1561146,-0.7181956,-0.12805118,-1.5742097,2.0057683,1.263028,0.18809956,0.50751287,0.3958981,1.3843118,-0.5188,0.7322676,1.0774165,1.215326,-2.2593708,-0.59927446,-1.0191706,0.14958829,-2.0160303,-2.0456228,2.170095,0.6176894,0.121009246,0.36367264,0.14634092,0.99735063,-0.6324442,0.18661483,0.22742127,-1.046858,1.276983,-0.44567674,1.0174217,0.114912726,1.6335849,-1.0413791,-1.0847588,-0.9056956,0.13329555,1.5414684,1.5930936,-2.3099687,0.24970716,-3.2129536,0.7950318,1.1181694,-0.040244274,0.08398158,0.07363889,-0.78444195,0.43170577,-0.231408,0.9302917,-0.113626935,-0.8610231,-1.5358647,-1.8640648,1.3125093,-0.45778936,0.3385742,1.78323,-0.56280434,-0.62747747,-0.13216175,0.029432701,1.8875513,1.5658206,0.6208754,1.4494138,-0.178219,0.29916456,-0.30151364,-1.2903684,1.2038747,0.53169876,0.018073473,-0.0024678493,-1.5062149,-0.97747535,0.33615318,-0.5291127,-0.21771304,-0.10465606,-0.6824688,-0.96791834,-1.6123576,-0.14651828,0.61860853,-1.6436342,-0.024047825,0.28114325,-0.9895804,1.4221418,-0.38571537,-0.101259686,-0.1612695,-1.7707744,1.0087521,-0.9555188,-0.23652051,0.597661,1.4609034,-1.0799323,-0.44648358,1.3824186,0.46371388,0.67117137,-1.0511317,-0.37920952,-0.16783543,-0.8578948,-1.6745696,-0.5104986,1.3542882,0.059173465,1.374291,0.17902091,-0.76470774,1.277619,0.21232614,0.96183884,-1.0683281,1.0387563,1.0688893,0.28976715,-0.8069221,-0.04600883,5,-1
0.61129117,0.23457003,0.60108274,1.0122459,-0.6484467,-1.1550757,-0.0375388,-0.32974315,0.7858464,-1.0744984,1.0203819,1.3536121,0.00030496425,0.060736127,-0.7675465,-0.5426609,-0.40833667,1.4429401,-0.07187079,-1.322173,0.25535434,0.82629013,-0.02541137,1.4692135,0.7775087,-1.0491288,-0.5514328,0.22622629,-1.6661892,0.33635673,-1.7615824,1.0234334,0.9072737,0.50478137,-0.67587835,0.17020282,-0.5133775,-1.0308152,-0.338743,0.69826555,0.043814193,1.4507099,0.76578057,0.6586908,-1.6089265,-0.28515854,-1.0643724,-0.18300287,-0.6932761,-0.37760496,1.0611627,0.47524992,1.0071144,-1.6006831,0.057974696,0.96670496,1.5062959,-1.5480884,-0.35148364,1.0342267,-0.19227831,-0.9104177,-1.5499992,-0.94870156,-1.6889017,0.058460455,0.8963102,-1.2609748,0.25772974,0.84527105,-0.0027083268,-1.6106943,0.38621154,-0.054646946,-0.15650465,-0.5468373,0.086787425,0.5098179,2.3906481,0.11233207,1.5111412,0.3577551,-0.09952833,0.14854753,-1.2217363,0.30586028,-1.9920651,-0.86266637,0.10984309,1.1939822,1.4306244,-0.23654658,0.15571731,0.9843625,-1.3294935,0.40474752,-0.82789284,-0.17182505,-0.45902324,0.43535814,0.5503037,0.89107865,0.34819883,0.17165378,1.8540238,-1.5243591,1.6956098,-0.28982192,0.57089156,-0.3256597,-0.70254165,0.48457718,1.0421283,0.47300795,-0.5421158,3.61135,1.1985737,0.9333423,-0.35296422,-0.62516576,-0.27983907,1.0814066,-0.99060434,-1.0682038,0.53954756,0.31919643,-0.77031356,-1.0912036,1.437897,0.35700443,-1.3635359,-1.2936256,-0.36151198,0.7328418,0.5950088,1.1316786,-1.4903498,0.22384669,1.4259104,1.3328017,0.35891,2.3480184,0.6092851,1.0427467,0.044447917,-0.7809753,-0.8752092,0.18161522,-0.211502,-1.7685857,-1.0257936,-0.31840357,0.72727937,-0.016073886,-0.07206421,-0.9869126,0.023166081,1.319101,0.15557511,-1.5073136,-1.2515228,0.58878887,-0.22431548,-0.07458023,-0.6127342,0.5034122,-0.3009177,-0.18661322,-0.8512234,0.9216913,-0.22113279,0.60788035,-1.1935916,1.7338831,1.277374,-1.9097977,-0.80193746,0.4776344,-1.3197286,-0.13159408,0.42663178,-0.18472591,0.5388387,-0.69332993,-2.2441816,0.9821153,0.97581464,2.5036366,-2.2071865,0.7508321,-1.9686822,1.7564933,0.48786682,-0.95192885,0.7802225,-0.55304503,0.3004161,0.20596072,1.7441682,1.8149259,-0.59726536,1.0581056,0.35484016,-1.412682,-0.6962284,2.336146,0.3578544,0.9997796,-0.21204431,-0.5399419,0.027264507,-0.26610404,-1.4932529,-1.0033255,0.7078845,-0.3806907,0.025704881,0.23492305,0.31305006,1.146579,-1.0986959,0.5702527,0.7550278,0.98585176,-1.4129176,0.2548192,1.7160759,-0.09912052,0.4834947,0.78039557,-1.0254699,1.8338248,0.4995008,0.5195028,-1.6620274,0.7945448,0.50641036,1.6241913,-0.3112652,-0.9876583,-0.682239,-0.50497824,-1.1188465,1.2901601,1.3276979,-0.1957917,-0.39275992,-1.8154819,0.69596124,1.6534401,-0.6371947,-0.11678453,0.43429145,4,-1
1.7244184,0.19977622,0.19542992,0.1793185,-1.4250325,-1.4467907,-0.80799514,1.0128906,-0.33535707,-0.5296041,-0.54717463,-0.13765688,1.7021079,-0.15119739,-0.7862974,0.02524563,1.7550836,-0.5028247,-1.181005,-0.5009913,0.12876374,0.68824095,1.0068836,-1.0457172,-0.95084536,-0.32326227,0.684493,-1.2600079,-0.6073269,-0.59274375,0.94174886,0.52826077,0.90371835,1.338678,-0.3056501,-1.1874062,-1.1809636,-1.8381076,-0.45876682,-0.38422263,0.7875534,0.016914217,-0.49032843,-0.11599872,-1.0389735,1.0254066,-0.78591555,-1.1399313,0.81788194,0.5741642,-1.7236854,0.8550016,-0.74159265,-0.37410453,0.18702011,0.58662486,0.44547918,-0.04981833,-0.42464334,0.4122207,-0.11838784,1.8053545,0.58640903,-0.9234156,-0.47759995,0.048192177,1.2994312,1.411105,-0.39613473,-0.9336342,-1.0614977,0.25242877,2.3037844,0.5390941,-1.5939125,-0.7260041,-0.6239142,-0.82200253,-0.38789383,0.36939487,0.68198115,1.0917635,0.5242026,-1.9541502,-1.0573046,-0.15809403,0.14727986,0.86141837,0.043184176,0.050707255,0.23779736,-0.25502175,0.08688514,1.1258322,-0.0839109,-0.030212726,-0.033585403,1.2977738,-1.1080533,1.7758468,-1.1763818,-0.6542203,0.7447383,1.0303167,-1.403499,-1.0927019,0.27784282,2.3444195,1.2462628,-0.24809705,-2.4191291,0.08164273,0.3622968,-0.38269514,-0.850724,0.15916526,-0.9422612,1.8724487,1.5167449,0.6579126,0.08971057,-0.66016406,-0.020787183,1.6392971,0.8686541,0.20369227,0.92397434,0.54561067,0.39627755,0.9805633,0.5170276,0.85855144,0.16138706,-0.25412583,-0.5481629,-0.6673096,-1.6051705,-0.9119399,-0.94085354,-0.5073452,1.5622442,-0.15756196,0.24176688,0.27331963,1.5875809,-0.5755854,-0.22252208,-0.10619937,1.1365348,1.3441057,0.47458383,1.2329093,0.177661,-0.17260325,1.178724,0.48761767,-0.7355307,0.99742097,-0.20849264,-0.3308235,0.89300436,-0.08883214,0.38895854,0.66193956,-0.78294307,0.38485056,1.3494731,-0.95646715,0.44990888,-0.8294677,1.0213977,1.0119056,-0.35432234,2.2096286,1.1066253,0.70692897,0.6506109,0.9839269,-0.9956424,0.1946076,0.3831904,-0.40013605,0.46479526,1.2316943,-0.42176908,-0.0544243,-0.8205853,-1.786989,0.77893215,-0.025733795,0.04757942,-0.9867736,-0.18550353,1.0965937,0.00082133675,0.029183758,0.20752828,-1.2363821,0.6249205,-1.2551981,-0.9396156,-1.0492147,-0.17522496,-0.3524527,-0.0012250383,-0.90525615,1.0054953,0.8340276,-0.1738135,-0.4783667,-0.5793575,-0.310145,-1.4002452,-0.9596073,0.8601204,0.3018125,1.6342745,-0.29919514,-0.36151323,-0.40789893,-0.31916448,-0.659954,0.27098823,0.029104067,-0.5099145,1.2511489,1.896583,1.1665772,0.558124,0.7617697,1.8564155,0.7603193,-0.5851858,0.39227253,0.62624425,-0.9947173,-0.28493083,1.1003919,-1.8234928,-1.2504286,-0.17640705,0.3536796,-1.3576324,-0.12678926,1.1537685,0.06865146,0.93908894,-0.59211415,-0.80991685,0.84887385,0.36926553,-1.185596,-0.8008409,2,-1
1.5645813,-0.92455524,0.93432873,-0.4781867,-0.0031758568,0.29459262,-2.1009812,-1.4627173,0.08633302,-0.72430754,0.9965813,-1.6061208,0.56525505,-1.3762212,-0.352105,-1.0643778,1.9024299,-1.3394922,-0.122059695,-1.7268362,1.5995702,0.40128243,0.13697308,1.4743129,0.14742245,0.21957135,0.13172528,0.56363434,-0.4924414,-0.21428731,0.8103346,0.27737296,-0.11424392,-1.4005224,1.4980503,-0.6614541,0.9872372,0.17575365,-1.2934505,1.2522755,0.25454065,1.3353454,-0.1824087,0.70405126,-1.7625271,-0.5002159,-1.2729933,-0.37478384,0.47181174,-0.6045801,0.86384207,-0.8566126,0.8852366,1.3097571,1.0135261,-0.34418905,-2.1254537,0.58216697,-0.12523471,-0.97839296,-0.55627906,1.4344254,-1.1373402,0.46830916,0.21795818,-0.35738766,0.6445327,1.6322453,-0.2959715,-0.24318095,0.6220649,0.9182428,-0.12770721,-0.30537373,-2.2176466,-0.77800894,-1.1393117,0.68462497,-0.24390295,-0.2830216,-0.009056264,-0.8701765,1.5532472,1.2981939,1.6181068,0.68341726,-0.029478114,1.6147293,-0.68096685,-0.87120897,-0.60151154,0.52287126,-0.76210517,-0.15537299,-1.6018553,0.48109767,-1.5171033,-0.93216103,1.2171671,1.1803184,0.3743131,0.27566358,-0.53095967,-0.7729037,-0.3622417,-1.5136542,0.25244856,0.048831124,-0.93342125,1.568682,0.6069137,0.6918418,-0.4873399,-0.001330078,0.6273727,0.15278237,1.6019008,-0.20378757,-0.50456053,0.6342529,-1.2646472,0.9242969,-1.3007118,0.6385847,-0.6482735,0.47658414,0.907343,0.1534212,-1.199621,-0.89677525,-0.72865915,-1.8950069,1.1274779,0.110107586,-1.1355181,1.4556749,-0.7013281,0.2505725,-0.82527053,-2.0182602,-1.3644406,-0.44849044,0.8982969,0.34653315,0.14020513,-2.0100276,1.2700862,0.22367969,-0.11941767,1.1324232,1.2474967,1.1545902,-0.2470865,-1.0034766,0.9889229,-1.3650545,1.9472567,0.027999545,-1.0608842,-1.2318685,-1.2776048,0.1403629,-0.00639232,-1.2359222,-0.35645577,-1.3679354,0.5893018,-0.054593265,-0.3784025,-1.2881107,-0.3001556,-0.41472787,0.3177267,0.16701798,0.7920601,-0.48457655,-1.8604115,0.99109286,-0.93603253,-1.106917,-0.043116543,0.3022705,-0.5308364,-0.53869265,-0.39102632,1.4165404,-0.0026780874,-0.96796286,-0.95778334,-0.25088418,0.23785794,0.48398015,0.124158606,-0.84187335,-0.4239413,0.7339079,-1.1460919,-0.4657534,0.59746283,0.87528145,-0.19291537,-0.4112068,-1.3221179,0.52563995,1.3187797,2.565154,0.38644618,-0.05087965,-0.9198106,-1.8788569,0.17695925,2.3503392,1.2708123,1.1165643,0.24560282,0.35952315,-2.4237473,0.7625106,-0.5793406,-0.70172733,-0.32325694,-0.3570045,-0.7176356,0.013872072,-0.5582776,0.100322954,-1.4871778,-0.21405777,-1.0962956,-0.64144933,0.14339884,-1.6039976,-0.82240736,0.56896436,-1.4131778,1.7778672,1.2044079,-0.49452707,-0.7872097,0.20193991,-1.4474622,-2.0021427,-0.45933512,-0.13404876,0.09442723,-0.6147406,1.2739468,-1.4951397,-1.1382622,0.48663595,-1.1616474,-1.2003205,0.12335479,3,-1
-1.0535226,-0.13308443,-0.6998566,-0.8616637,-2.1023054,0.13956316,-1.24719,-0.1682422,-0.51210487,-0.20650806,-0.14967537,0.19362825,-0.7277593,1.2426965,-1.8474001,-0.22659113,0.836231,0.47677255,-0.9748356,-0.8082455,-1.0067925,0.5992276,-0.7399237,0.25512308,0.26430142,2.3683934,0.31325126,-0.811144,-1.4601502,-0.2758527,-0.11908584,-2.2106996,-0.71385413,0.29735255,-0.53235567,0.96862376,-1.5583564,0.6768828,0.91388977,0.9564965,-1.5658563,0.31455278,-0.6687541,-1.4061425,-0.4138677,-0.904978,0.92075044,0.5130634,-1.1524445,-0.7242213,-0.38069743,-0.072405145,1.0063783,0.6907823,0.05139197,-0.26064885,-1.773354,1.2919977,-0.4470966,1.5548402,0.1961093,2.0252843,0.6063215,-1.4320196,-0.61441547,-0.16913496,-0.8737829,-0.37706083,-1.3669392,0.0057212813,0.23741195,-1.0041094,1.9402543,0.063513264,-0.8167409,-1.6295393,0.05994289,-0.26048854,0.7830409,-0.14337027,-1.1937188,1.6707183,0.43562487,-0.2541087,0.16463853,0.47404197,-1.4288566,0.15769422,-0.45012346,0.50729996,-0.7401819,-0.6047019,1.6628711,1.2309121,-3.295561,1.156762,-0.07365203,-0.70818204,-1.0071747,-0.9491176,-0.67993593,-1.1271325,-1.3545997,-1.0403801,0.32339385,0.05009015,0.55585647,-0.06636984,-1.3066794,0.4944409,-1.0046893,0.6466143,-1.16592,-0.68747663,-0.36139163,0.6744048,0.17599726,0.020001322,1.8856688,-1.8369832,-1.0383776,-1.0811884,-1.7706523,-0.7195195,0.6877692,-0.5916474,-0.33300298,-1.7225548,-0.7965256,-0.4616987,0.64240044,-1.6749164,-0.45500875,1.086818,-0.4450833,-2.1155615,1.2791758,0.73489696,0.86939716,-1.7437836,1.5124557,-0.7732761,-0.50943893,-0.70277715,0.9469372,-0.17979835,0.48174104,0.075901024,-0.095042005,-0.9467841,1.8121406,-1.4633936,0.41225398,0.3766566,1.1543562,1.38809,-0.1373886,0.5303943,1.7648737,-0.06517677,-1.0664334,-0.3844681,-1.304646,0.3718168,1.0644562,-0.12104149,-1.62096,1.0216508,-1.776299,-1.5459548,-0.1783384,0.25178525,0.4222475,-0.06613955,1.7600437,0.06516834,1.0346681,0.7869546,-1.2928737,-0.16973048,2.1233206,-0.50435084,-0.6746205,0.17057557,-0.46851993,-0.79370457,-0.4832834,1.4320097,-0.13661869,-1.328075,-1.5117465,2.206805,-0.22333437,0.4345785,-0.7713772,0.32098597,1.4593296,-0.65226316,0.45858678,-1.4057462,2.022866,0.26853594,-0.41279384,-0.29787412,-0.5100382,-0.45890516,-2.4474952,-0.09796573,-0.13987868,0.48866153,-0.52314377,-0.7710363,-0.0077749444,-1.6123681,0.14342318,-1.8618193,1.1208186,0.68426996,-0.9261859,0.661138,0.111514226,-1.0090102,-2.0228763,0.3164357,-0.79428184,1.0949695,0.014033734,-0.6995827,1.7978387,0.5764465,-3.6550865,-0.48639178,-1.384089,-0.79979795,-0.1447324,0.35404852,0.26136574,1.0778731,0.63659835,0.5747469,0.20149232,1.2867988,-0.31627655,-0.29030326,-1.9055734,1.056164,-0.076925755,2.9336057,-0.4055327,0.08857813,0.546505,-1.1019,0.35854772,4,-1
0.03466143,-0.3036882,1.172604,-0.9037487,0.2749021,1.4546643,-0.70662177,-0.296886,2.3453045,0.47439107,-0.50619745,0.80262476,-0.56809354,-1.5649159,1.3723639,-1.1030593,2.4517126,-0.48933238,2.1332648,-1.3686711,1.0254936,0.49972627,0.8377462,0.9680227,-0.49774516,-1.3088439,-0.05091773,0.22303025,-0.4718446,0.27755398,0.32962552,-0.91002643,0.39497128,-0.26721203,-0.6999809,0.78737515,-0.7769912,-0.4566676,0.07205085,1.3743116,0.19278407,0.5282883,-0.29764253,-0.078489624,-0.04887723,0.29330623,-0.29596758,1.3399999,-0.37316623,-1.7072412,2.7427967,-0.32736868,1.3131698,1.4047909,0.94521433,-0.19802722,0.2866848,-1.2745103,1.9901478,-0.851806,-0.25390097,0.098986484,-0.10743976,-0.6568733,1.3943391,0.9502793,0.3220472,-0.39955306,1.0642759,-0.46446863,1.5703919,0.11122092,1.2297815,-0.11382033,0.07153318,1.2254211,2.1939251,1.5603669,0.8771346,0.5892834,-0.5069487,0.29522973,-0.91304916,0.37578213,0.44005066,-1.9608451,0.03873861,0.4148749,-0.08370986,0.35804883,-1.3417222,-0.7758643,1.0349382,0.00057166565,0.33987898,-0.5465212,0.019494023,-2.3020122,0.84601194,1.8079329,-1.0650176,-0.9403322,0.4408799,1.4738793,-0.0020973175,-1.229318,-0.20861724,-1.029932,-0.6688463,-0.3040411,-0.92932457,-0.7779057,0.074534,0.21503581,-1.4239804,0.39638174,-0.38193387,0.7202615,0.7804975,-0.5445412,0.6141477,-0.836956,1.323762,-0.7991362,0.35274962,-0.18760915,-1.0168945,0.90091574,-0.6141318,-1.7000722,-2.8820133,-0.8750447,1.3759084,1.2577385,-0.7185984,-0.37445492,-0.46491307,-1.3334322,-0.94883186,0.9811495,0.5038879,0.27308887,-1.3351467,0.10070322,-2.303845,0.8428027,0.2585749,-1.3452325,1.6164255,-1.7961646,0.53030616,0.5551718,-1.2396704,-0.03785069,-1.6368278,-2.8463743,-1.0678762,-0.61662495,0.6442562,0.067408085,0.09354546,-1.0144216,-0.5300113,-0.92992663,-1.224974,-0.59369946,0.074512385,-0.5726385,-0.32350266,0.6949148,-0.5007544,-1.3339666,0.5634535,0.26584965,0.3286595,0.62583864,0.45664153,0.028728692,2.3914526,-1.2849687,-0.58641726,0.9673344,0.14258629,0.757923,0.16975643,1.3740566,-1.0075109,1.3424599,1.1709965,-1.2102891,0.6306654,-0.043039933,-0.60658205,-1.8886192,-1.0108137,0.7081121,0.8138413,-0.21071048,0.81698513,0.9452601,0.15463996,-0.7223336,0.4410541,0.4869847,0.6739444,0.8654033,-1.3621646,-0.50992924,-1.8986213,0.74699605,-0.21231145,0.43081406,-1.4756788,1.4009808,-1.1943392,0.7745633,0.11795017,-0.18944278,-0.2701601,-0.638063,1.2951962,0.012612835,-1.2692215,-0.3839602,0.12833902,0.8978053,-0.60461974,-0.5377765,0.023432126,0.8734248,-1.3687545,0.50535464,-0.46406254,-0.32443258,2.0015757,-0.19646922,0.75469375,0.71891385,-1.1800239,-1.8453944,0.8209821,-1.0835462,-1.6641829,1.0261623,-1.0194267,-0.7725175,1.9743731,-1.6597353,-1.256286,-0.45969814,-0.24025685,-0.8937453,-1.158655,6,-1
1.5099943,0.26298612,0.5851687,-0.13722518,0.28945494,0.9329017,-0.996299,0.26483598,0.6960423,1.5447973,1.947891,0.069859795,1.138639,-2.670168,1.5522829,-0.72588366,-0.24109745,0.44110447,-0.15344237,0.19645338,1.587693,-0.38422003,-1.0869238,1.8134638,0.5267642,1.922239,0.86362994,-1.3235945,0.64538467,-0.98394805,0.0074318023,-0.0757144,-1.6176639,-0.8128105,2.2051873,0.2383774,-0.17559613,1.8128902,-0.39623532,-0.09142036,0.9908029,-0.4007358,-0.74652076,-2.2537565,-0.9364983,-0.94602776,0.1585667,-0.61045825,2.158019,-1.057629,1.4006467,0.21975295,0.806774,0.7460196,-2.2182355,-0.011552679,-0.26222813,-1.1329781,0.45962605,1.7165403,-2.6730037,-0.53446966,-1.2457662,0.07177783,-0.32562128,-0.6056772,0.6895068,1.6361814,2.6613185,-0.73962903,-1.8208755,0.5591964,1.6104847,0.81368995,1.6063471,-0.22548667,-0.60957444,0.115435906,-0.33055317,0.66309404,0.96976775,1.0480837,0.5105927,0.24582233,0.7944267,-1.962992,0.21057075,0.052478056,0.21308039,-0.087623544,0.4318555,-0.5746029,1.1295234,0.47364977,0.15068586,-0.69751656,0.81531686,0.2066597,-0.7554834,-0.056661543,0.6290826,0.5515735,0.48700896,0.09253139,1.0258195,1.2377965,0.7373226,-0.5874513,-1.0580617,-0.54393977,1.9536568,0.2816959,2.1264417,-0.12019835,-0.25881368,-0.074056536,-0.09217408,-0.7736509,-1.1488483,0.50133663,1.0549008,2.4449813,-0.4337129,-0.3526555,-0.77122927,1.1257274,0.8149875,-0.8769346,-0.9021981,0.95251477,0.38319615,0.7583887,-0.88276845,-1.8777249,-0.874965,0.68776673,2.111058,-0.42946398,2.2758558,0.82981974,-1.3930323,0.21403384,0.8639743,-2.425483,0.64445114,1.1727211,0.3988681,-0.06172121,-0.17292659,-0.23132233,-1.1759799,-0.68752384,-0.41659406,0.113494344,-0.55681473,-0.86912924,0.7597709,0.37061396,-0.5392295,0.50627846,-0.4531579,0.06306503,0.9750441,-0.6037411,-1.1724116,-0.14513458,-1.3634651,-0.2774485,-0.28063747,-2.463684,0.5306352,-0.18268977,1.1818964,0.21553198,0.7356086,1.1900388,-0.13171709,-0.00082318886,-1.5735432,1.2395377,-0.1456974,-1.0057305,0.7397225,-2.1797812,-0.42927423,0.90831107,-0.43772185,-0.717922,-0.4161548,-2.0099292,0.7154784,-0.12288604,-0.27232462,-0.26866862,0.014079798,0.6534374,-0.05206354,-1.3616365,0.5755161,0.4985697,0.205527,1.0752413,0.030378677,1.111376,1.4072111,0.5823129,-0.7479336,-0.13078572,1.2388561,-1.4976279,-0.39195368,-0.34296483,-0.8652106,0.87287897,0.37681508,-0.7110584,0.6055129,-0.15841624,-0.8901946,-0.7129184,0.43605107,0.9390099,-0.48676825,0.54444134,1.5817542,-1.2588706,0.3556699,0.8306557,-0.095149815,1.2382832,2.198837,0.34335536,-0.23358974,0.97698283,0.84206885,-2.518831,-0.002735556,-0.39459947,0.3967057,-0.19365828,-0.085176095,-0.86321276,0.7345292,1.6550422,-0.8476719,-1.397055,0.02000322,-0.028655661,1.1709328,-1.229195,-0.53795516,-2.1477032,1.3749837,1,-1
0.25054464,-0.4634329,-1.3222715,-1.230476,0.4142669,-1.1074251,0.104005426,2.042945,-0.34758762,-0.96144444,0.3820072,-1.2257917,1.7199845,1.4036196,-0.16417162,-0.8972932,-0.42576987,-0.29566562,0.38356712,1.0396323,-1.0365126,1.0109096,0.6176856,-0.5077895,-1.0867119,0.116232716,-1.0595884,1.0236808,-1.1238828,0.5477062,-0.08061636,-0.5606249,-0.102831505,1.0799831,-1.1922574,-0.41215655,-0.75174356,-0.038617134,-0.6846809,-1.7680812,-1.0551375,1.637755,0.24672821,0.21236205,-0.28261238,-0.051625423,-0.42981192,0.52692854,0.10080885,-1.1712682,0.25372452,-2.458742,0.4138592,-1.4093568,-0.09605508,-1.1946276,0.0028231996,0.57827854,1.502827,-1.5413576,0.9754729,0.1311527,-0.45066714,0.7598565,-0.23592485,0.7175305,-0.9922697,-0.63299704,0.94360006,1.4854006,-0.0350319,-2.787289,-0.19904928,0.03242612,-0.23277338,0.33633855,-0.47690994,0.8388709,-1.1667132,1.2368487,1.5500789,-0.9130597,-0.91359985,0.4106953,-1.1872205,-0.49260288,1.1025269,0.73760676,1.9801964,0.17078415,-0.610838,0.05124351,-0.15058833,-0.1365571,-0.023803707,-0.9317667,0.28221774,-1.4086633,-0.7168266,-0.11887876,-2.2595532,0.76899153,-2.0531545,0.6695877,-1.2928092,-0.4049187,0.51913065,2.1981394,0.11645198,-1.9826263,0.9536951,-0.23191841,0.06990665,0.55786306,-2.225378,0.006536848,-0.4096939,1.2218349,0.7271138,-1.6270019,1.2626258,0.4495251,-1.5472416,0.055753104,1.0348262,-1.2140439,1.3775773,-1.5126288,-0.79122716,-0.94287086,1.3769337,-0.49101615,-1.162817,0.44521087,0.661181,0.6675361,-0.27133918,0.2545343,-0.6502331,1.6748017,1.1442052,1.0829568,0.79411596,0.5197333,-1.2443625,0.63330126,0.11426523,1.2633641,0.8074192,0.55038047,-1.6842248,-0.08900054,-0.55789226,0.25236592,-0.41554826,-0.27594578,0.4590339,-0.43213812,0.12159154,-1.5194119,-0.83240145,0.6560436,-1.2301921,1.245725,0.9743993,-0.26822993,2.998734,1.2431036,-0.9492795,0.74617404,0.065863065,-0.7767121,-1.0699091,0.9948933,-0.59794545,-0.101876356,-0.92102593,-0.7481579,-0.1269292,0.38818228,-2.588359,0.0169198,-0.746121,1.4023627,2.9427526,-0.35927904,-1.7222285,0.11687697,-0.20542933,1.9713507,1.6665894,0.865375,-0.58669406,0.67776656,0.26500636,0.2413232,-1.5582298,1.0617954,0.10780833,-0.10084135,-0.6001565,-0.7936165,0.31725857,-1.7491628,0.78949875,-1.0541054,-2.0586808,1.8218954,-0.85808706,-0.72215915,1.1345383,1.8544309,-1.5330015,-0.95616806,-0.8826788,0.93480164,1.6391321,-1.0802525,1.4147453,-0.7090341,0.3361229,-1.2714537,-0.12193041,-0.111112714,-0.3151583,0.384971,-1.0070308,-0.8837233,0.43787214,1.3420353,-0.022813695,0.50367075,0.75808,0.8305052,-0.9535247,-0.7770102,-0.6900746,1.9286338,0.50819296,0.46331573,0.36623576,-1.3207934,1.9381905,0.47918752,0.7231601,-1.7655213,0.77964383,-0.35621244,-1.322783,-0.95376366,-1.2648942,-1.2817842,0.06054782,2,-1
-0.3867628,0.33406937,1.6759759,-0.12950371,-2.2448893,-0.24195822,1.1933944,-0.085939474,1.5293306,0.4529416,-1.8382697,0.10958225,0.2970013,1.0803558,1.8196366,0.9077255,0.4404798,0.6761883,-0.16800681,-1.4628779,0.041496087,0.3652903,-1.2036576,1.3266217,1.005411,-1.3717614,1.3658323,-0.30831438,-0.77849156,1.0792776,-0.051054414,1.8991853,-0.85288805,-1.7316575,-0.28043827,0.7892225,-0.927143,-1.3301004,0.2289274,-1.4636872,0.3066927,-0.34062305,0.49446648,-1.3838288,1.2981632,-0.18303448,0.7635227,0.95987546,-1.157445,0.8822575,-1.4250668,-1.3701377,1.9639993,1.1118534,2.0736642,-0.37021405,0.10242867,0.5273547,-0.012195567,-0.746136,-0.8960847,0.21386223,-1.0668598,-1.0948635,0.393572,-0.09515935,0.93720627,-0.4249114,-0.581256,0.4235534,-0.8120249,-0.6581277,-0.6184544,-0.2097021,1.7724365,-1.3767889,1.2955076,0.73778677,1.5669788,3.136686,1.431453,0.9256669,-1.3124963,-1.1862223,0.36019018,-1.6980761,0.61543924,-2.1349218,1.1522334,-0.3217003,0.12659694,-0.7483723,-1.8985264,1.2346953,1.3357013,-0.35148776,0.66192955,-0.39089143,0.28848985,0.7591392,0.55508494,1.3409696,0.51888067,0.028084617,-0.76141894,-0.47850537,0.8100514,-1.5018265,1.1058073,-0.28114372,-0.8186059,-1.0987241,0.6743678,-0.014641354,1.5887653,-1.2630757,-0.5781636,-0.092221156,-0.75185674,0.006118664,0.31950077,0.48448423,1.5061672,-1.3034724,0.33776033,-0.6469428,0.4300134,0.4313322,-0.9869194,-0.9011524,0.51164305,0.02340451,-0.21962184,0.6579868,0.7317185,-0.5296301,-0.85205317,-1.261919,0.03345412,-1.4231603,0.09942846,1.2168368,-0.35345978,-0.5362043,1.9978448,1.5097018,-0.7645979,0.13901319,0.32867825,0.20366043,1.8146734,0.08722989,0.23723488,0.6886623,1.1899197,0.9368992,0.5380848,-1.5586998,-0.48813772,0.81942123,0.2503987,0.82612866,1.887166,-1.1769632,1.1379101,-0.33036345,0.9353498,-0.041220743,2.1270046,0.13008694,-0.6405142,0.4198746,0.32394278,1.138097,0.4480528,2.4750648,-0.111404136,-0.09961995,-0.60388607,0.08566834,0.23105912,0.28121054,0.067187674,-0.6098212,-0.8816651,-0.37517372,1.1415377,1.3567997,-0.076964535,-0.941583,-0.08117361,2.0916655,0.9989678,0.5507427,0.9626849,1.5405666,-1.1528662,-0.39203987,-0.52872163,0.5871144,0.16011089,0.7563113,-0.5068874,1.371952,-0.06933371,0.69454557,1.1954066,1.1151243,0.3608284,0.8193469,1.7416607,0.51360124,-0.7296464,0.5830507,-0.03728122,-2.3480012,0.46199802,0.11665065,1.1564177,-0.75009364,-1.5057096,0.16868086,0.38017738,0.09383295,0.020708684,-1.0687269,-0.13891713,-0.34840584,1.0727087,0.37932536,-0.27799714,1.7238848,-0.26890767,0.5577867,-0.16692133,1.6311525,0.08685978,0.11641423,-0.13987036,0.19651192,1.1995379,0.84584385,0.028076181,1.701325,0.87298566,-0.43818113,-1.3803483,-0.4150138,0.41334876,0.5972004,1.3591377,-1.094546,-0.43915534,3,-1
-1.1776427,-1.3387992,-0.62781876,0.36661226,0.77139443,-0.9483541,-0.8092759,-1.7798232,0.2143522,-0.73213893,1.6630313,0.4098088,-0.17144574,-0.64111245,-1.4946703,-1.3678718,-0.62214094,-0.6989029,-0.99917185,0.37709472,0.5142656,-0.4586324,1.9351523,-1.7467294,0.0581639,-0.2185802,-0.5507009,-0.69766283,-0.006959883,-0.22552782,-0.39187652,-1.2987196,-1.6181118,-0.28851646,-0.4020961,-0.19703686,-0.1086218,-0.52250236,-0.21240743,-0.8535283,1.5239458,-0.79974014,-0.3709807,-0.7237888,-0.7405815,0.024641566,-0.10223421,-0.45946038,-0.283476,-0.7198135,0.40172565,2.0551927,-0.8748413,0.39396322,0.044948958,0.66862977,0.69679296,0.2054127,-0.039820578,-0.4344502,-0.76496035,-0.096845664,-1.2845888,-0.593856,1.1068536,0.09851222,0.89266443,1.4696438,-0.17702946,0.20732583,-0.3018459,-0.81260574,-0.95296824,0.8431504,0.20862728,1.846603,0.97205204,-0.731213,0.84034216,-0.30507553,1.2168597,-0.48633388,-1.052426,-0.7957551,-0.7446649,-0.84025174,-0.5726083,0.8566919,1.7960442,-1.3301895,1.2635131,-0.47770372,0.34788254,-1.6541461,0.52403504,-2.0053124,0.31393507,0.25725606,0.19100763,-0.73491013,0.5495267,0.3910815,-0.20995279,0.6718503,-0.095604144,0.5287772,-0.12587933,0.21670198,0.57472295,-0.39791256,-1.2338365,0.276079,1.1893914,0.29915097,0.31814232,-0.042176105,0.73911864,-0.18593542,-0.4538988,1.1052983,-0.5305383,0.88947093,1.1059355,0.5668169,-1.2492355,0.02715491,-0.20199999,-0.49599925,0.14275159,0.76920635,-0.45855266,-0.17138268,-0.24105893,1.163871,-0.2571006,-1.2344056,-1.5734348,0.36272958,-0.76068175,0.6687245,-1.33122,-0.5389122,-1.3305688,0.43461072,0.6488475,0.33862516,-1.0859363,-0.7457637,0.234314,-1.6877414,-0.24113494,1.5169053,-0.17995554,-1.4885446,-0.60740924,-0.6306923,2.1403089,1.6656791,0.73093545,-0.34307593,1.2006297,-1.1334597,1.0765753,0.9279735,-0.15134573,1.1391863,-0.44722113,-1.2650856,0.977965,-0.08524293,0.6017806,1.8208866,-0.7222541,-0.14337951,1.5696346,0.66873175,-0.6997827,-0.9550177,-0.52808064,-0.7384147,0.23734812,0.078434505,0.27923775,-0.8408128,-0.07083391,-2.0556998,0.14500631,1.1754407,-1.4247459,0.48342824,-0.61101437,0.80250114,0.15864745,0.40470412,0.064823896,1.3283318,0.34741047,-0.7054237,0.09871505,-0.36888105,0.1623999,-0.4197697,-0.67681074,0.19927222,0.055789627,1.0639559,-0.41495588,-1.9808538,-0.3638708,-1.6264307,0.41567197,-1.673898,-0.9883711,-0.36233446,1.5439506,-1.0728902,0.012404983,0.57997656,1.4840605,0.7777948,1.093907,0.86430705,-1.209123,0.3596921,0.84866095,-0.9565003,-0.5797599,-0.8031923,0.772623,-0.06928112,-0.3208459,-1.28167,-0.06739426,-0.5675883,0.24333957,-1.1429672,0.17790626,-0.43895078,-1.2492969,-1.327284,-1.1770204,-0.20639905,0.12099543,0.26982364,0.3075529,-0.7585233,1.0584029,-0.44222552,0.45014977,-0.16415544,0.37562123,-0.21432807,0.3936349,3,-1
-0.0073888698,0.81384057,-0.81868505,-1.7698914,-0.97335744,1.0689185,-0.15455882,0.092062294,-1.0536367,0.065553725,-1.0228126,-0.8757813,-0.40248367,0.44509727,0.5518476,0.5790449,-1.5880841,-0.0066645006,-0.19678183,-1.5321825,0.015983766,-0.25042722,0.5115257,0.08124708,-0.5493205,0.9257625,-2.2212336,-0.06426513,-1.763251,-0.9121933,0.5248137,-1.2741975,-1.4237179,2.381945,-1.359289,1.6505209,-0.17220217,-0.52482915,0.5667864,1.3365941,-1.146068,-0.5102498,0.8468697,0.28799433,1.1019179,0.515112,1.808224,0.1785886,0.22181115,0.32172137,-0.14248885,0.84808713,0.23704122,0.78818,0.94449985,0.42845467,0.5017163,-1.0103298,-0.5503536,0.84338343,1.4236312,-1.9404303,-0.56786317,0.023620602,-0.8792745,-0.82251966,0.4749199,1.581376,-2.0318236,-0.17047615,0.46328035,0.78021395,0.31912735,1.7614026,0.028906593,1.3119928,-0.64636767,0.057982948,-1.212715,0.9008644,-0.12044286,0.35782108,-0.31336862,0.5864285,0.39743397,-0.99465144,-0.93676746,-0.027768731,0.659574,1.8628956,0.30299085,1.0075314,-1.6128509,2.012956,0.6056862,-0.049604513,-0.16469605,-1.1071998,-0.8212868,1.9104357,-0.98900443,-1.0082678,-0.7022205,-1.1981808,0.015306575,1.0889105,-0.61049235,-1.3733243,0.29186133,-0.05577434,1.0027245,-0.4545083,-0.26015678,-0.14953037,0.089004114,-0.39256167,-0.5546441,-1.8503777,-0.5653872,0.71522325,0.85024554,-0.47111303,1.299486,-0.028704071,-1.3378464,-1.652384,1.2182579,-0.37300372,-1.2140645,-2.2592762,-0.3957161,0.40475085,-0.69769114,-1.0532452,-0.5493758,1.2431921,-1.3929816,-0.64170104,1.2107577,0.4941763,0.17912781,-0.64844614,0.030504815,-0.53782904,-0.85938615,-1.0800575,0.7840956,-0.060406134,0.31451374,0.15167318,0.44091883,-0.25471878,-0.48165745,-0.8152803,-1.4139692,-1.1220331,-0.36541772,-1.6030395,-1.382286,1.0421399,0.22417949,-0.45183674,2.2715745,-1.6482497,0.97561127,-0.11146608,0.785047,0.108953714,-1.8722451,0.09546047,0.33555585,-2.1919854,1.9440483,0.3112076,0.6719877,-1.1655294,0.6906175,1.0895045,0.25356823,-0.009371558,-0.8935881,-0.21620692,-0.5120295,0.5719956,-0.8498759,0.5646507,-0.83898556,-0.26235256,0.6160444,-0.70379674,0.6505365,0.55299413,-0.27095068,1.1617832,0.077784345,1.1022766,1.7934649,-0.24130102,0.644955,-0.63756794,-1.0328144,-0.19545966,-1.3626003,-0.93760777,0.5914326,-0.513649,0.71051407,0.29941195,1.8511541,0.5243373,1.1142181,0.40188468,0.3113935,1.164733,0.6687975,0.2100636,0.20565467,0.5382293,-0.67137355,-0.7137995,1.425406,1.8644136,-0.9288825,-0.6689944,1.1425228,0.53352,0.6764281,0.8966013,-0.24073216,0.3299699,0.25219214,-0.8584916,0.31509095,1.2377107,-0.33413324,0.15256925,0.20670892,-0.28466454,0.6769012,-0.68006563,1.3326455,0.62620556,-0.9367686,1.6980097,0.16810146,-0.72294754,1.1045545,0.49467152,-1.7719597,-0.52566034,0.27909735,-2.1595666,0.08507009,5,-1
0.15797937,-1.1834918,0.27064487,0.007463839,-1.1912941,0.91956055,0.8378538,-0.28973708,-0.19858132,0.72626394,-0.20066315,-1.9309082,0.48693657,-0.8132593,-0.38984305,1.4578706,-0.13397847,0.0017349359,0.5096673,0.50533396,-0.91919774,-0.060298517,0.036152527,0.2720269,0.28922194,2.5874412,-1.1758598,0.98009163,1.1833758,0.49278396,-0.6503154,1.6646681,-2.1919827,-0.6832667,1.1716822,-0.3701116,1.5964645,-1.5118047,-1.1121019,-0.53163815,0.4173993,-0.22202015,-0.49039924,1.4203964,1.513445,-0.41437978,-1.7097678,-2.1574838,0.23929012,0.6559556,0.06299779,-0.07090811,-0.8045426,0.65497977,1.6781853,-2.2168777,-0.077501185,-0.97034836,-1.490466,-1.1299759,0.37967286,0.4049622,1.4602878,0.008781547,-1.7582216,-0.23816954,-1.3863791,-1.2067959,0.5805591,0.1941809,0.5875656,-0.35749283,0.79052955,-0.4134029,1.1166829,0.34463894,-0.20699687,0.21209304,-0.017860701,1.5961065,0.24543762,-0.0016126723,-0.23849085,0.84318423,0.70791334,-0.27384162,-1.1556416,-0.9019681,-0.18416254,1.3489275,-0.25017664,-0.5941236,-1.7607193,1.5135415,0.56902814,0.79600996,0.96168804,-0.16473024,0.084590636,1.4886019,0.17958088,0.5875253,0.8705507,0.64293134,-0.12816916,-0.033883844,0.77764046,0.7760029,1.1682326,0.551097,0.5966056,-0.44623336,-0.5811495,0.78063065,-0.5741851,-0.020701002,1.3790232,1.2205703,0.30178884,-0.29613957,-0.12337891,0.86766016,-0.036499277,-0.5582824,1.2157748,0.18160014,-0.57725585,0.4789402,0.9712184,-1.007673,-0.2004539,-0.24668337,0.45228717,0.6320083,-0.5514739,-1.4927511,1.0317987,-1.1199453,0.2711842,-0.1319809,0.1624439,1.651234,3.0382817,-1.6334374,0.98390615,-0.15624778,1.0478545,0.95726305,1.4097449,0.28496492,-0.8895765,0.9276495,0.11799758,-0.23384322,-0.4762239,1.0063356,1.6033695,-1.1953526,0.62195224,-0.37238717,-1.4672724,0.14770582,-0.83313775,-1.5777532,-0.7817405,-1.027774,-0.64668685,-1.3258841,-0.3951401,-0.71324915,0.37561387,0.593539,0.26014858,-0.23544446,-0.2624276,-0.837075,-0.81299466,0.70360386,-1.7597026,-0.08072494,-0.32352906,0.5991321,-1.425012,0.012480705,0.34298435,-1.9047313,-1.074328,-0.09178985,0.5141469,0.1824993,0.56045425,-1.0793725,-1.5887504,0.084505804,-1.2293532,-0.86532235,0.93227834,0.18909955,-0.5681449,-0.6980315,0.62092155,0.21197094,-1.2145567,-1.9478238,1.8818018,-1.2224792,0.5276965,1.510693,0.14759757,-0.6004367,-1.426049,-1.4400105,0.37669486,1.4509764,-0.3954591,-0.55572045,0.6974811,-0.68594724,0.2744829,0.04180145,-0.40946805,-0.015538159,1.7631521,0.60453296,1.0925008,-0.9186944,1.0959362,0.6390205,-1.4995961,0.53979075,-0.51327413,-1.5458037,0.12977573,0.5390426,0.15160806,-0.109138586,-0.33058533,2.466588,-1.1825694,0.872922,0.015422971,-0.8544665,-0.04839905,-1.3929327,-0.5954904,-0.046934325,-1.5511171,0.5063825,-0.96376103,-1.451721,-1.0804178,2.175954,-1.9780642,5,-1
0.4361231,-0.75163627,-0.35012817,0.60393095,0.5548187,-0.6806964,-1.357824,0.62214094,0.55237716,-0.2849695,0.4419444,-0.44582948,-0.8270376,0.003962181,0.5190327,0.30925027,0.50916266,-0.7605789,1.5818812,-0.34238085,-0.118915655,-1.318656,-0.19385515,0.5322377,0.7625106,1.5619408,0.5202349,0.2769132,-0.4462951,-0.6617404,0.9702485,0.95107037,-1.0770127,0.7230959,0.6503837,-1.1138089,0.54045683,-1.0495465,-2.429293,-0.16010241,0.2578147,-0.115070805,2.867107,0.37885123,0.14714181,0.4295913,-0.44131902,0.92947906,0.36100194,0.31517172,-0.62412024,-1.5643303,-0.5013861,0.28263387,-0.44469947,0.29172716,-0.23236188,0.43057948,-0.9768241,0.19289002,-0.64095414,-1.538283,-0.16515413,1.5363176,-1.4585764,0.11939225,0.7975771,2.3000307,-0.49293298,-0.6320006,-1.1666921,1.1405163,-0.86741436,-0.37059644,-1.8489379,0.88397187,1.1582583,0.84577507,-1.6053252,0.60715103,-1.6726704,0.058040302,0.20507757,0.31018323,0.53463656,-0.008033603,-1.9624295,0.535121,0.09760814,-0.9026198,-1.5693974,1.5400221,1.2313006,0.7059574,-0.6762999,-2.5169957,0.7646792,0.36668676,-0.3746623,1.1248063,0.84799755,0.17609549,0.035058416,0.05096772,0.67993987,-0.85747635,0.42598313,-0.92059094,1.3365551,0.5321286,-0.68822825,0.08059582,-0.8537864,1.5041128,1.6228759,0.6962237,1.5566566,0.15179595,0.76351255,1.2247245,-0.0057435953,0.071103856,0.9336566,0.64649796,-0.75546074,-2.1868293,-0.17552806,-2.0969143,-0.99101734,-0.87428695,-0.5686423,0.82043815,1.0376796,0.5087407,0.63250697,0.6561205,-2.49683,0.010197682,-1.7964587,0.5091395,-2.0931082,-0.18043853,0.5477698,-1.1177579,0.96171594,0.5066222,0.38082469,0.69800156,-0.3592001,0.15191886,0.010051573,-0.012548945,-0.6720311,-1.2425321,-0.33685836,-0.3919479,-0.736731,0.85205376,-1.1722066,-0.17150916,1.1663398,0.9091294,1.2162939,-0.59078056,0.7842881,-1.0629704,-0.27587396,-0.18175581,-0.57584023,-0.361814,-0.49337593,-0.9823938,0.8564135,-0.18245,0.20143655,0.16377687,0.054726426,0.09280454,-0.3054172,1.4183968,0.76074475,0.018382033,-0.44705445,-0.118820846,0.41762152,1.49994,-1.3730476,0.6597748,1.1267236,-1.4867184,-0.18115088,-1.064518,0.43052962,-0.35835093,-0.13013907,-0.4110558,0.7201634,0.22903296,0.23092677,0.16062182,0.5724909,-0.26197186,1.7007748,-1.2347947,-1.7259184,-1.8086805,-2.0795882,0.6731698,0.5513677,1.2077765,-1.0566382,0.74546146,0.056824062,0.1665865,0.62562287,-0.75628173,2.587249,1.3318803,-0.531706,-1.090738,-0.08790416,0.18225844,1.0656153,-1.168721,0.28548694,-1.5290151,0.4363576,-0.10750422,1.9366797,-1.5460025,1.3706083,-1.7038313,-1.3272103,-1.6770946,0.25035262,-1.1736988,-1.3483315,0.2027676,0.45177537,0.039849304,-0.16221915,1.8289096,0.14583626,0.8056915,0.14292212,-1.0978763,0.54988766,-0.6557973,-0.09098614,0.3054027,-1.941418,-1.6095021,0.9094592,0,-1
-0.6637465,-0.616322,0.1664384,-0.3856726,0.41758838,-0.05112179,0.19860294,-0.7018584,0.19359483,1.1050891,-0.5677482,0.9153183,-0.05156032,0.73448163,0.12877132,-0.03341092,0.3497297,1.2135975,0.23609729,0.47853082,-0.3684849,1.5708865,0.6403371,0.07770846,-0.12265367,0.97790825,-0.6062041,-1.7828751,0.0723996,1.1900046,1.5913088,-0.10729394,0.043587662,0.5195304,-0.26434943,0.51640594,-0.08540175,1.0113683,0.7229805,0.8102278,-0.20531765,1.9259273,0.48391193,0.24729405,-0.760943,-0.09707182,0.11437976,-0.7876773,-0.29231715,-0.16580002,0.05592066,-1.762707,-0.13527054,-0.3773462,-0.020884149,1.0352765,2.0523956,0.6783772,-1.2344222,-0.34540695,0.5959633,0.4832905,0.9873257,-0.09735099,-0.36350024,1.752424,0.058670603,-1.0166744,1.4751337,-1.4960955,-3.4950452,0.76938677,0.910701,0.41401294,-1.3024561,-0.058869854,-0.27816856,-0.537289,1.4120694,-1.046666,0.31610444,1.194047,0.38144153,1.2411184,0.56371474,0.42934966,0.36683488,0.61344326,-0.38553908,-1.3018738,0.9540434,1.1617423,0.2519788,-0.5483756,-1.5577171,0.0858071,-1.3489504,-1.4889874,-0.020731527,-0.7637695,0.34530956,-0.1592956,-0.60663456,-1.704915,-0.8528881,-0.8161365,-1.2253077,-0.32904428,-1.147252,-0.16374275,0.2404112,-0.82616997,0.42540863,-1.3613579,-1.1121774,-0.113217294,0.6870411,0.8673995,1.6123906,-0.37658888,-0.12750132,-1.0326755,-1.2537663,0.22857209,-0.7758715,1.2323792,-1.4623858,0.48635322,-1.0057392,-0.82044846,0.5391121,-0.67588043,-0.5157841,-0.81215835,1.7850298,-0.6174863,0.051552217,-0.2019136,0.22141705,-0.614737,-0.20081723,0.393952,-0.8630071,1.0893214,1.1854805,0.60649264,0.06987638,-2.9906015,0.42429113,-0.3913304,-0.24627441,-1.8973774,0.49358848,-1.4485811,0.11842455,0.9046575,-0.4693282,1.2160517,-0.7469904,0.60043305,-1.3047857,1.0311304,0.8759904,0.46835792,-0.39328414,-1.4020007,-0.39064032,1.1103072,0.12996188,-1.5530369,-1.1247276,1.2531514,0.48791274,-1.2340001,-1.7658315,-0.62504214,-1.8513587,-0.1558345,2.4516253,-1.5969561,-0.18602566,1.3119266,0.74908787,-0.14874071,-0.14634867,-1.1559098,-0.26765576,0.24344072,1.1051135,-0.6201756,-0.18983513,-0.9492135,0.22532518,0.78377944,0.62964803,-1.1701871,0.1468632,-0.67731255,1.01105,-0.16131273,-1.5195134,-0.2198027,0.45847258,0.24400607,-0.511796,-0.5852734,-0.9875044,-0.3947496,-0.855679,0.970086,-0.9011374,0.122284465,0.054303903,0.94566745,1.0893683,0.69596994,0.35292834,-1.0486461,-1.0688701,-0.84569085,0.751921,0.073329926,0.86865723,1.0028027,-0.7259519,0.03207433,-0.012993678,-0.3277877,-0.53484285,1.1847554,0.051971726,0.013144788,-0.80277765,0.67521244,-1.0051075,0.45490554,0.48222935,-0.41251504,0.31765208,0.18566956,-0.039360624,0.01294398,0.061781824,0.12991168,0.06024203,-1.1038642,-0.15221095,0.2649486,0.09728873,0.95375025,0.6200866,-0.87040955,-0.16662711,4,-1
-0.31133667,-0.0043484867,-0.0029814,0.61152166,0.17732836,1.230545,0.24100314,-0.83059055,-0.46728063,0.6037891,-1.6141683,-1.3458804,0.010697207,0.95092213,1.3070354,-0.21710575,1.0608287,0.07226791,-1.531415,-0.0080765365,-0.6189081,0.9182309,-0.02567526,-1.2779131,-1.4997149,-0.020979958,-2.4202175,-0.5181653,0.23103033,-1.0570165,0.99398714,1.1910065,-1.016701,-0.29804417,0.99469316,-0.0013075343,-1.3944786,-0.14332107,-0.85292834,1.1081979,0.6059321,-0.31375694,0.14214802,-1.3081216,-0.75377744,1.5532792,0.053514652,0.9300858,0.23201309,1.3142818,-1.9988376,-0.18821758,1.6447816,0.9561734,1.3253722,-0.0067645935,-0.5371064,-1.0271645,-1.0969281,0.80706054,0.5132111,-0.06657345,0.50819063,0.14245176,0.9622177,0.9526867,-1.0658741,0.273646,-1.6688668,0.13302074,0.60430425,-1.3137194,-0.41646275,0.009526378,0.23391491,-0.2786037,-1.1722882,-0.054007202,-1.6522436,-0.23264144,-0.44137362,-0.13426568,-0.559322,-1.5076809,-0.36634332,0.9308201,1.2614608,2.4393344,1.6916504,-1.1969379,-0.4084376,-0.022785636,-0.08555984,0.06953333,2.4075913,-1.0820515,-0.71353114,1.6438259,-0.61598134,0.39358065,1.0346574,0.486499,0.19176564,0.9386108,-0.89306855,-0.49636313,0.5356376,-2.0694392,1.4165838,0.30339238,0.15303175,-1.6305128,-1.2866092,-0.39858365,0.80742985,-2.076616,0.7883648,-0.36003134,-0.22342347,0.25359294,0.26931724,-0.71242857,0.6249101,-2.3193982,-0.4504189,0.15368177,-0.3449493,-1.8269103,0.7580274,-1.2483878,-0.06751401,0.1530346,0.019827154,1.1690109,-0.05326256,0.4274554,-0.055904035,0.6129561,1.3934953,0.13754183,0.78185034,1.455329,1.3571843,-0.3852894,1.0364324,0.24877116,1.1172299,0.56863457,0.27566808,0.4339721,0.25523797,0.29433304,-0.15883236,-0.25172433,1.7631749,0.47752792,-0.57330495,-0.27741742,1.0562584,-0.7361867,-1.4820276,-1.4084492,-1.7289757,-1.2988149,-1.1808659,1.3852373,-0.046179213,-0.36326355,-1.443413,-0.1431264,-1.737328,-0.36941716,2.0644944,0.6638036,-0.20979816,0.69812363,-0.5215432,-0.8006777,1.7041296,-1.1422746,-0.35412124,0.30603328,-0.9362342,0.65060496,-0.30659452,0.6639103,0.5859842,-0.24301213,1.7106587,-0.6653358,1.3488705,1.1749332,1.7708822,0.17405604,-0.7885857,2.0767965,-0.33470148,-0.81354254,-0.18978675,-0.9816907,0.5261488,-0.60566837,-0.28748417,0.96777886,0.6236932,0.015584572,0.17087352,0.01225543,-0.43115506,-0.002526661,0.49084163,-0.12616213,0.41976762,-0.8366688,-0.60389364,-0.7343205,-0.56513137,1.287181,0.7260388,-1.0769231,0.4374983,-0.39058232,-0.6823846,-1.4857395,0.9719187,-1.3638631,-0.051963177,-0.94631124,0.7758439,-0.33435184,-0.13446265,-0.10073426,0.30257034,0.013004764,-0.04327319,-0.518402,-1.5747293,-1.118551,0.71847975,-0.30581945,-0.66400975,-1.4057281,-1.7196472,-0.7032069,0.8880529,-0.5570702,0.40048552,-0.6030598,0.6388667,-0.3517508,-1.2318842,-0.26895306,1.8340005,3,-1
1.7898843,0.4865333,-0.13705881,0.3039018,0.31685233,-0.039886754,0.44094402,0.20822686,-0.3159724,-1.1952568,-0.46005926,0.7995188,-0.031462226,0.3002869,-0.28301552,-1.0595975,-0.23862971,-1.0224559,-1.0862892,1.2056366,-0.420086,-0.7414847,1.6179597,0.81498504,-0.37150922,0.42763633,-0.23578832,-0.6926797,0.4746912,-0.3243019,0.07549801,1.0213633,0.9112131,-0.5500933,0.4860316,-1.1278563,0.45041415,0.1484953,0.37897936,-0.29744476,2.0840712,-0.9012997,0.9715517,-1.0316983,0.50434417,0.57579,0.05497587,-0.4953244,0.14113489,0.26701033,1.7899365,-0.87234026,-0.5559135,0.28473556,-0.25605378,-0.10004104,1.0703518,-2.8202665,-0.5979493,-1.7423692,-1.1958164,2.4046245,0.59816813,0.9515649,-0.08052965,0.75871384,-1.7665645,1.0382984,-0.8198441,-0.5313158,0.5051511,0.31644675,0.08462005,-1.3630961,0.09981367,0.96056134,-0.5324871,1.314937,-0.8726919,0.0065478915,1.5353278,-0.68139994,1.0539855,1.9746524,0.17104407,-0.527017,-0.7727388,1.3046027,1.2766942,1.4493091,-0.032838352,1.037807,-0.04883939,-0.88305515,1.1241767,1.6338702,-1.020602,-1.039431,0.039981935,0.9561286,-1.1338192,0.22701573,-0.590427,0.7008291,-0.79788685,0.771803,-0.15821481,-0.9371405,0.063689955,-1.9379733,-0.55909455,0.33740106,-1.7717547,-2.571137,-2.3393674,1.3271285,-0.07675901,-0.5324654,0.9451547,-0.40444967,0.2684619,0.025755351,-0.47099942,0.29414588,0.77326125,-0.18490662,-0.46055558,-0.3425124,-2.2979126,0.28305954,-1.2091113,0.6297187,-0.0904241,0.1051211,0.7003292,-0.92652375,0.36924845,0.26762104,-0.18478084,-0.9281862,0.5952384,0.70345455,0.11360203,-1.0703024,-0.527449,-0.060332723,0.68849456,-1.5834894,-0.5638035,-0.40267256,-0.08322158,-1.3013253,-0.21753278,-0.31048357,-1.0375918,-0.11796758,-0.5411691,0.49558616,-0.8853276,0.089834124,-0.8083888,-0.5997542,0.29729164,0.23471773,-0.41702217,-0.2694106,-1.4536065,1.4027643,0.68745637,0.6514481,-1.5950322,-0.59549,-0.33454603,-1.9310615,0.8899501,1.4538845,2.061935,-1.0458838,0.117323495,1.3228183,-0.25361848,-0.56698793,-1.8660177,1.1326225,-0.019260757,-0.72934186,0.2838573,0.15300538,0.1682591,-0.21709806,1.6223582,-0.13365974,1.6193221,0.56411695,0.35117015,-0.11327475,0.9739567,0.112991765,-0.93213123,-0.9654922,0.42248464,-0.9073789,-0.062231056,1.0571846,0.3039702,-0.7221349,1.4099876,0.5478752,1.0177929,-2.2675583,0.33085287,0.84215784,1.7002887,-1.4638186,1.2061145,1.6443803,-2.017289,0.4785911,0.6176208,-0.32700765,-0.49009445,0.6678539,-0.6149818,-0.21724933,0.8124349,1.7540431,0.53798425,0.1334845,-0.5163975,-1.0106001,1.1095783,-0.15344985,1.1507033,-0.32955188,-0.64928865,0.4207989,-0.07653594,-1.2055286,1.8173684,-0.62698376,0.9275915,0.84185666,-1.2594627,-1.0023876,-0.30150935,-0.86564654,1.7264564,-0.20017564,0.88974905,0.51363736,0.26402244,0.040321212,1.2371308,7,-1
